0100,0100
1. E-Receipt — ETA connection,1. الإيصال الإلكتروني — ETA اتصال
1. ETA connection (shared),1. ETA اتصال (مشترك)
1. Start & Setup,1. بدء و الإعداد
10. Approvals & Forms,10. الموافقات و النماذج
10. BIM & CDE,10. BIM و CDE
1000,1000
11. Quality & Safety (QHSE),11. الجودة و السلامة (QHSE)
1100,1100
12. Environment,12. البيئة
13. Documents & CDE / BIM,13. المستندات و CDE / BIM
14. Handover & Warranty,14. التسليم و الضمان
15. Reports & Analytics,15. تقارير و التحليلات
2. Contracts & BOQ,2. العقود و جدول الكميات
2. E-Receipt — POS & seller,2. الإيصال الإلكتروني — نقطة البيع و بائع
3-way match: Goods Receipt must be submitted.,مطابقة ثلاثية: يجب أن بضائع الإيصال يكون مُرسل.
3-way match: GRN must belong to the same company.,مطابقة ثلاثية: يجب أن ينتمي إيصال استلام لنفس الشركة.
3-way match: GRN must reference the same PO.,مطابقة ثلاثية: يجب أن إيصال استلام مرجع نفس PO.
3-way match: PO must belong to the same company.,مطابقة ثلاثية: يجب أن ينتمي أمر شراء لنفس الشركة.
3-way match: Purchase Order must be submitted.,مطابقة ثلاثية: يجب أن شراء أمر يكون مُرسل.
3-way match: Stock Purchase Invoice requires Goods Receipt reference.,مطابقة ثلاثية: يتطلب مخزون شراء الفاتورة بضائع الإيصال مرجع.
3-way match: Supplier must match the referenced GRN.,مطابقة ثلاثية: يجب أن يطابق المورد إيصال استلام المرجع.
3-way match: Supplier must match the referenced PO.,مطابقة ثلاثية: يجب أن يطابق المورد أمر شراء المرجع.
3. E-Invoice — ETA connection,3. الفاتورة الإلكترونية — ETA اتصال
3. Schedule,3. جدولة
380,380
381,381
4. E-Invoice — signing (USB),4. E فاتورة — signing (USB)
4. Site & Execution,4. الموقع و التنفيذ
480,480
4b. E-Invoice — submission to ETA,4b. E الفاتورة — تقديم إلى ETA
5. Policy,5. سياسة
5. Subcontractors,5. مقاولو الباطن
6. Changes & Claims (FIDIC),6. التغييرات و المطالبات (FIDIC)
7. NEC4 & Disputes,7. NEC4 و النزاعات
8. Billing & Payment,8. الفوترة و السداد
9. Procurement,9. المشتريات
A valid license or trial is required for this action.,يلزم ترخيص أو تجربة صالحة لهذا الإجراء.
Abbreviation,اختصار
ABC analysis,ABC analysis
ABC Analysis Report,ABC Analysis Report
Abnormal Lab Results,نتائج مختبر غير طبيعية
About Us Settings,إعدادات من نحن
Academic Standing,الوضع الأكاديمي
Academic Standing Register,سجل الوضع الأكاديمي
Academic Year,السنة الأكاديمية
Accepted,مقبول
Access Control Summary,ملخص الوصول التحكم
Access control summary,الوصول تحكم ملخص
Access Log,سجل الوصول
Access Owner,الوصول المالك
Account Access Log,سجل حساب الوصول
Account Snapshot,حساب لقطة
Accounting,المحاسبة
Accounting Executive,المحاسبة تنفيذي
Accounting Policies,المحاسبة سياسات
Accounting Settings,إعدادات المحاسبة
Accounting Template,المحاسبة قالب
Accounts Payable,الذمم الدائنة
Accounts Receivable,الذمم المدينة
Acquisition,Acquisition
Action,إجراء
Actions,إجراءات
Activation received but key is invalid: {0},Activation received but key is invalid: {0}
Active,نشط
Active Records,نشط سجلات
Activity,النشاط
Activity Booking,النشاط حجز
Activity Filter Exempt Roles,Activity Filter Exempt Roles
Activity isolation,النشاط عزل
Activity Log,سجل النشاط
Activity log,النشاط سجل
Activity Menu Isolation,النشاط القائمة عزل
Activity menu scope must be company or all.,يجب أن النشاط القائمة نطاق يكون الشركة أو كل.
Activity Overview,النشاط نظرة عامة
Activity scope blocked,النشاط نطاق محظور
Activity Summary,ملخص النشاط
Adapter,محول
Adapter must define a name.,Adapter must define a name.
Adapter {0} is not registered.,محول {0} هو لا مسجّل.
Additional,إضافي
Additional Info,إضافي معلومات
Adjusted TB,Adjusted TB
Admin,المسؤول
Administrator,المسؤول
Admission,قبول
Admission Application,قبول تطبيق
Admission LOS Analysis,تحليل مدة الإقامة
Admissions Pipeline,Admissions Pipeline
Admissions Portal,Admissions Portal
ADT Transfer,ADT تحويل
AE — United Arab Emirates,AE — United Arab Emirates
Affected Doctypes,Affected Doctypes
Affected Rules,Affected Rules
Agent Tablet,Agent Tablet
Agriculture,الزراعة
AI & Intelligence,الذكاء الاصطناعي والتحليلات
AI Agents,AI Agents
AI Employee,AI الموظف
AI Employee Settings,إعدادات AI الموظف
AI Insights,AI رؤى وتحليلات
AI Model Change,AI Model Change
AI Providers,AI Providers
AI Safety,AI السلامة
AI Workcenter,AI مركز العمل
aladdin,aladdin
Alerts and Notifications,تنبيهات و إشعارات
All,الكل
All 5 Types,الكل 5 أنواع
All activities,كل الأنشطة
All Branches,الكل فروع
All branches,كل الفروع
All companies,الكل شركات
All Items,الكل أصناف
All Warehouses,All Warehouses
Allergies,Allergies
Allergy Patient List,قائمة مرضى الحساسية
Allocation Rule,تخصيص قاعدة
Allow Shared Null-Branch Masters,Allow Shared Null-Branch Masters
ALM,إدارة الأصول والخصوم
ALM Audit Snapshot,إدارة الأصول والخصوم تدقيق لقطة
ALM Audit Snapshot Register,سجل إدارة الأصول والخصوم تدقيق لقطة
ALM Behavioral Assumption Set,ALM Behavioral Assumption Set
ALM Behavioral Assumption Set Register,ALM Behavioral Assumption Set Register
ALM Contingency Playbook Register,ALM Contingency Playbook Register
ALM Daily Run Register,سجل إدارة الأصول والخصوم يومي تشغيل
ALM Executive,إدارة الأصول والخصوم تنفيذي
ALM FTP Curve Register,ALM FTP Curve Register
ALM Governance,إدارة الأصول والخصوم الحوكمة
ALM IRRBB Outlier Assessment Register,ALM IRRBB Outlier Assessment Register
ALM Policy Version,إدارة الأصول والخصوم سياسة إصدار
ALM Policy Version Register,سجل إدارة الأصول والخصوم سياسة إصدار
ALM Portal,إدارة الأصول والخصوم بوابة
ALM Position Snapshot Register,سجل إدارة الأصول والخصوم منصب لقطة
ALM Stress Scenario Register,ALM Stress Scenario Register
Alumni Desk,Alumni Desk
Alumni Record,Alumni Record
Ambient AI,Ambient AI
Amended From,معدّل من
Amount,المبلغ
Analytics,التحليلات
Analytics (IFRS 15 / IFRS 8 / O2C / ISO-style KPIs),Analytics (IFRS 15 / IFRS 8 / O2 C / ISO-style KPIs)
Analytics Dashboard,لوحة التحليلات
Anesthesia Record,Anesthesia Record
Announcement,إعلان
API,واجهة API
API Base URL,واجهة API Base URL
App,تطبيق
App is not installed on this site.,تطبيق هو لا مُثبَّت في هذا موقع.
App must be installed before it can be updated from here.,يجب أن تطبيق يكون مُثبَّت قبل هو يمكن يكون حُدّث من هنا.
App Organizer,App Organizer
App slug is required.,App slug is required.
App Visibility,App Visibility
App {0} ({1}) is outside the allowed scope for activity {2}.,App {0} ({1}) is outside the allowed scope for activity {2}.
App {0} is not available on this bench.,App {0} is not available on this bench.
App {0} is not installed,تطبيق {0} هو لا مُثبَّت
App {0} is not licensed ({1}). Configure omnexa_licenses and omnexa_license_public_key_pem.,App {0} is not licensed ({1}). Configure omnexa_licenses and omnexa_license_public_key_pem.
Application {0} is not licensed ({1}). Open ErpGenEx Marketplace to add a license or developer key.,Application {0} is not licensed ({1}). Open Erp Gen Ex Marketplace to add a license or developer key.
Applications,التطبيقات
Applied on new Sales Invoices when Tax Category is empty (before default tax rule resolution).,Applied on new Sales Invoices when Tax Category is empty (before default tax rule resolution).
Appointment,موعد
Appointment By Department,موعد بواسطة قسم
Appointment By Specialty,Appointment By Specialty
Appointment Calendar,موعد التقويم
Appointment Cancelled Summary,ملخص المواعيد الملغاة
Appointment Lead Time,موعد عميل محتمل الوقت
Appointment No Show Rate,معدل غياب المواعيد
Appointment Status Summary,ملخص حالة موعد
Appointment Utilization,موعد استخدام
Appointment Waitlist,موعد قائمة انتظار
Appointments,المواعيد
Appointments Desk,المواعيد المكتب
Approval,موافقة
APPROVED,معتمد
Approved,معتمد
Approved by,معتمد بواسطة
Apps & licensing,Apps & licensing
Archive Settings,إعدادات أرشفة
Area Manager,مساحة مدير
As Of,كـ من
ASP API Key (Bearer),ASP API Key (Bearer)
ASP Submit Path,ASP Submit Path
Assessment Plan,تقييم الخطة
Assessment Result,تقييم النتيجة
Asset Alert,أصل تنبيه
Asset Condition Snapshot,أصل شرط لقطة
Asset Disposal Report,Asset Disposal Report
Asset Failure Event,أصل فشل حدث
Asset Health Report,تقرير أصل الصحة
Asset Health Rule,أصل الصحة قاعدة
Asset Inspection,أصل فحص
Asset Inspection Template,أصل فحص قالب
Asset Insurance,تأمين الأصول
Asset Insurance Register,سجل تأمين الأصول
Asset Lifecycle Wizards,Asset Lifecycle Wizards
Asset Maintenance Report,تقرير أصل صيانة
Asset Meter Reading,Asset Meter Reading
Asset Recommendation,أصل التوصية
Asset Register,سجل أصل
Asset Registry,أصل سجل
Asset Relationship,Asset Relationship
Asset Reliability Trend,Asset Reliability Trend
Asset Risk Matrix,Asset Risk Matrix
Asset Risk Register,سجل أصل مخاطر
Asset Scan PWA,Asset Scan PWA
Asset Threshold Profile,أصل عتبة الملف الشخصي
Asset Work Order,أصل عمل أمر
Assets by Room,أصول بواسطة غرفة
Assigned To,مُسند إلى
Assigned To Me,المُسند إليّ
Assignment Rule,Assignment Rule
Attachment,مرفق
Attachments,المرفقات
Attendance,الحضور
Attendance Rate,الحضور السعر
Attendance Record,الحضور سجل
Attendance Session,الحضور جلسة
Attendance Summary,ملخص الحضور
Audit,التدقيق
Audit & Compliance,تدقيق و امتثال
Audit Balance Snapshot,لقطة أرصدة التدقيق
Audit Engagement,ارتباط التدقيق
Audit Evidence,أدلة التدقيق
Audit Finding,نتيجة التدقيق
Audit Issue,تدقيق مشكلة
Audit Log,سجل تدقيق
Audit Log Register,سجل سجل تدقيق
Audit Opinion Draft,مسودة رأي التدقيق
Audit Portal,تدقيق بوابة
Audit Snapshots,Audit Snapshots
Audit Timeline,تدقيق الخط الزمني
Audit Trail Summary,Audit Trail Summary
Audit trail summary,Audit trail summary
Auditor,مدقق
Authentication,Authentication
Authority,Authority
Authority Operation,Authority Operation
Authority Status,Authority Status
Authority UUID,Authority UUID
Authority UUID {0} is already linked to {1},Authority UUID {0} is already linked to {1}
Auto Branch Field Sweep on Migrate,Auto Branch Field Sweep on Migrate
Auto Email Report,تقرير آلي البريد الإلكتروني
Auto Executive,آلي تنفيذي
Auto Portal,آلي بوابة
Auto Repeat,Auto Repeat
Auto-submit on Sales Invoice Submit,آلي إرسال في مبيعات الفاتورة إرسال
AutoLend,Auto Lend
Automation,Automation
Average Activity,متوسط النشاط
Background Jobs,خلفية مهام
Backtest Dataset,Backtest Dataset
Backup,النسخ الاحتياطي
Backup failed before activity scope apply.,النسخ الاحتياطي فشل قبل نشاط نطاق تطبيق.
Backup failed before bulk uninstall.,Backup failed before bulk uninstall.
Bakeries (مخابز),Bakeries (مخابز)
Balance Sheet,الميزانية العمومية
Balance Snapshot,الرصيد لقطة
Balances,Balances
Bank Account,بنك حساب
Bank Account is required for bank-mode payments.,Bank Account is required for bank-mode payments.
Bank Balance Summary,ملخص بنك الرصيد
Bank CSV amount must be greater than zero in row {0}.,Bank CSV amount must be greater than zero in row {0}.
Bank CSV content is required.,بنك CSV محتوى مطلوب
Bank CSV must contain at least one data row.,Bank CSV must contain at least one data row.
Bank Reconciliation,بنك تسوية
Bank Reconciliation Suggestions,Bank Reconciliation Suggestions
Bank Statement Import,Bank Statement Import
Bank Unmatched Statement Lines,بنود كشف بنك غير مطابقة
Banking,مصرفي
Barcode Scan Log,Barcode Scan Log
Baseline Snapshot,خط أساس لقطة
Batch,دفعة
Batch / serial (via Item),Batch / serial (via Item)
Batch Size,دفعة حجم
Beach Booking,Beach Booking
Bed,سرير
Best Day,Best Day
Bid Comparison,Bid Comparison
Bid Estimate,عطاء تقدير
Billing & collections,الفوترة والتحصيل
Billing Cycle,دورة الفوترة
Billing Desk,الفوترة المكتب
Billing Invoice,الفوترة الفاتورة
Billing Summary,ملخص الفوترة
BIM Issue,BIM مشكلة
BIM Model Register,سجل BIM نموذج
Biometric Device,Biometric Device
Blacklist,Blacklist
Block Sales Invoice submit until e-Invoice is sent for this branch.,كتلة مبيعات الفاتورة إرسال حتى e - الفاتورة هو مُرسل لـ هذا فرع.
Block submit of credit sales when customer credit limit is exceeded (best-effort enforcement; app policies may override).,Block submit of credit sales when customer credit limit is exceeded (best-effort enforcement; app policies may override).
Blog,مدونة
Blog Category,مدونة الفئة
Blog Post,مدونة منشور
Blogger,Blogger
Blood Des,Blood Des
Blood Desk,دم المكتب
Blood Donors,Blood Donors
Blood Units,دم وحدات
BOM,BOM
Book · Pay · Track,Book · Pay · Track
Bookable Resource,مورد قابل للحجز
Booking,حجز
Booking Pipeline,حجز مسار
Booking Status,حالة حجز
Booking Status Summary,ملخص حالة حجز
Bookings & registration,الحجوزات والتسجيل
BOQ,جدول الكميات
BOQ Commitment vs Actual,BOQ Commitment vs Actual
BOQ Cost Overrun,BOQ Cost Overrun
BOQ Item,جدول الكميات الصنف
BOQ Item Register,سجل جدول الكميات الصنف
BOQ Progress,BOQ Progress
BOQ Template,جدول الكميات قالب
Borrower / Case,Borrower / Case
Bounce,Bounce
Bounce event recipient is required.,Bounce event recipient is required.
Branch,الفرع
Branch (ETA tab),الفرع (ETA tab)
Branch Access,الفرع الوصول
Branch access,الفرع وصول
Branch bank (operating) GL,الفرع bank (operating) GL
Branch Code,رمز الفرع
Branch Code must be unique within the same company.,Branch Code must be unique within the same company.
Branch default VAT rate (percentage).,الفرع افتراضي VAT السعر (نسبة).
Branch Demo,الفرع تجريبي
Branch Demo Activity,الفرع تجريبي النشاط
Branch does not belong to this company,الفرع يفعل لا ينتمي إلى هذا الشركة
Branch does not belong to this company.,الفرع يفعل لا ينتمي إلى هذا الشركة.
Branch is mandatory for compliance.,Branch is mandatory for compliance.
Branch is required,الفرع مطلوب
Branch must belong to the same company.,يجب أن ينتمي الفرع لنفس الشركة.
Branch Name,اسم الفرع
Branch not found: {0},الفرع لا وُجد: {0}
Branch petty cash GL,Branch petty cash GL
Branch Register,سجل الفرع
Branch trade payables GL,Branch trade payables GL
Branch trade receivable GL,Branch trade receivable GL
Branch Website,Branch Website
Branch {0} does not belong to Company {1}.,الفرع {0} يفعل لا ينتمي إلى الشركة {1}.
Branch {0} does not belong to company {1}.,الفرع {0} يفعل لا ينتمي إلى الشركة {1}.
Branch {0} not found,لم يُعثر على الفرع {0}
Branch {0} was not found.,لم يُعثر على الفرع {0} كان
Branch {0} — match tracked remote (checkout + pull),Branch {0} — match tracked remote (checkout + pull)
Branch → Demo data → set activity → run simulation for this vertical,Branch → Demo data → set activity → run simulation for this vertical
Branches,فروع
Branding,Branding
Budget,ميزانية
Budget & cost control,الميزانية وضبط التكلفة
"Budget control: document amount exceeds remaining budget. Remaining={0}, Amount={1}","Budget control: document amount exceeds remaining budget. Remaining={0}, Amount={1}"
Budget vs Actual,Budget vs Actual
Build,بناء
Building No.,مبنى لا.
Building Number,مبنى الرقم
Bulk Update,تحديث جماعي
Business Activity,أعمال النشاط
Buy,المشتريات
Calc Run,Calc Run
Calendar,التقويم
Calibration Run,Calibration Run
CAM & recoveries,المصاريف المشتركة والاستردادات
CAM Budget,ميزانية المصاريف المشتركة
CAM Budget Register,سجل ميزانية المصاريف المشتركة
Campaign ROI,عائد الحملة
Campus,Campus
Cancel,إلغاء
cancel,إلغاء
Cancelled,ملغى
Cannot apply scope — some apps have dependencies outside the removal list.,Cannot apply scope — some apps have dependencies outside the removal list.
Cannot approve a document without an attachment.,لا يمكن اعتماد a مستند بدون an مرفق.
CAPA,CAPA
CAPA Register,سجل CAPA
Capture a web order,Capture a web order
Car Rental,تأجير السيارات
Card Break,قسم
Care Gaps,Care Gaps
Cart is empty.,Cart is empty.
Case,قضية
Case DocType,Case Doc Type
Case DocType and Case are required.,Case Doc Type and Case are required.
Case DocType not configured for {0},Case Doc Type not configured for {0}
Case not found.,لم يُعثر على قضية
Case SLA compliance,قضية SLA امتثال
Cash Activity Summary,ملخص نقدي النشاط
Cash Flow (Simplified),Cash Flow (Simplified)
Cash Flow Statement (Indirect),Cash Flow Statement (Indirect)
Cash Flow Statement Structured,Cash Flow Statement Structured
Cashier,الخزينة
Cashier / Treasury,الخزينة / الصندوق
Cashier Desk,مكتب الخزينة
Catalog & Billing,الفهرس و الفوترة
Catalog & orders,الفهرس و أوامر
Catalog Item,عنصر الفهرس
Category,الفئة
CBS BOQ Summary,CBS BOQ Summary
CBS Element,CBS Element
CDE Access Log,سجل CDE الوصول
CDE Document,CDE مستند
CDS Alert Log,سجل CDS تنبيه
CDS Rules,CDS قواعد
CEO Portal,CEO Portal
certificate,شهادة
Certificate (PEM),Certificate (PEM)
Certificate / Token Reference,شهادة / رمز المرجع
Certificate Vault Reference,Certificate Vault Reference
Certificates (encrypted),Certificates (encrypted)
Certifications,Certifications
CFO approval is required for high-value journal entries.,CFO approval is required for high-value journal entries.
CFO approval is required for high-value payments.,CFO approval is required for high-value payments.
Chairman Portal,Chairman Portal
Change Order,Change Order
Change Request,Change Request
Changes in Equity,التغييرات في حقوق ملكية
Channel Accounts,قناة حسابات
Channel Performance,قناة أداء
Charge Entry,رسوم قيد
Charges by Patient,Charges by Patient
Charges Summary,Charges Summary
Chart,مخطط
Chart of Accounts,دليل الحسابات
Chart of accounts,الملف الطبي من حسابات
Chief Accountant,Chief Accountant
Children Grades,Children Grades
Chilkat Unlock Code,Chilkat Unlock Code
Chilkat UnlockBundle key for v10 (e.g. HALA4A.CBX082025_…). Sent once to the Windows agent via sign_session (like PIN). Optional if you set CHILKAT_UNLOCK_CODE or chilkat_config.json on the PC.,Chilkat Unlock Bundle key for v10 (e.g. HALA4 A.CBX082025_…). Sent once to the Windows agent via sign_session (like PIN). Optional if you set CHILKAT_UNLOCK_CODE or chilkat_config.json on the PC.
Choose at least one: remove stored key or reset trial.,Choose at least one: remove stored key or reset trial.
Circular parent company chain is not allowed.,Circular parent company chain is not allowed.
City,المدينة
Claim Appeals,Claim Appeals
Claim Remittance,Claim Remittance
Claim Settlement Analysis,Claim Settlement Analysis
Claims Register,سجل المطالبات
Classification Code,رمز التصنيف
Client Communication Log,Client Communication Log
Client Communication Log Register,Client Communication Log Register
Client Communication Log Summary,Client Communication Log Summary
Client ID,العميل المعرّف
Client Intake Desk,Client Intake Desk
Client Portal Desk,العميل بوابة المكتب
Client Registration Request Register,سجل طلب تسجيل عميل
Client Script,Client Script
Client Secret,العميل سري
Clinic Deployment Wizard,معالج نشر العيادة
Clinic List,قائمة عيادة
Clinic Selection,عيادة اختيار
Clinical Template Usage,سريري قالب الاستخدام
Clinical Templates,سريري قوالب
Close Dashboard,لوحة إغلاق
Closed,مغلق
Cluster Dashboard,Cluster Dashboard
CoA 1101 — operating cash on hand,Co A 1101 — operating cash on hand
CoA 1102,Co A 1102
CoA 1103 — trade receivables,Co A 1103 — trade receivables
CoA 1104 (IAS 2),Co A 1104 (IAS 2)
CoA 1105,Co A 1105
CoA 1106,Co A 1106
CoA 1107,Co A 1107
CoA 2101,Co A 2101
CoA 2103,Co A 2103
CoA 2105 — deferred revenue / customer advances,Co A 2105 — deferred revenue / customer advances
CoA 3101,Co A 3101
CoA 3102 (IAS 1 equity),Co A 3102 (IAS 1 equity)
CoA 4101,Co A 4101
CoA 4102,Co A 4102
CoA 5101,Co A 5101
CoA 5102,Co A 5102
CoA 5109 — interest and bank charges,Co A 5109 — interest and bank charges
COA Reset Audit Log,COA Reset Audit Log
COA Settings,COA Settings
CoA Settings,إعدادات Co A
COA Template,COA Template
Cold Chain Manager,Cold Chain Manager
Collections Action,Collections Action
Collections Performance,Collections Performance
Collections Tracker,Collections Tracker
Comma-separated roles that always see all installed apps on Desk (for administration).,Comma-separated roles that always see all installed apps on Desk (for administration).
Command completed.,أمر مكتمل.
Commerce,Commerce
Commerce Dynamic Role,Commerce Dynamic Role
Commerce Dynamic Role Register,Commerce Dynamic Role Register
Commerce Workcenter,Commerce Workcenter
Commercial Director,تجاري مدير
Commercial Pipeline,تجاري مسار
Commercial Registration,تجاري تسجيل
Commission Accrual,استحقاق العمولات
Commission Rule,عمولة قاعدة
Commission Schedule,جدول العمولات
Commission Settlement,Commission Settlement
Commission Summary,ملخص عمولة
Communication Logs,Communication Logs
Companion Stay,Companion Stay
Company,الشركة
Company & desk themes,Company & desk themes
Company / Branch Isolation,الشركة / الفرع عزل
Company Admin,الشركة المسؤول
Company is mandatory for compliance.,Company is mandatory for compliance.
Company is required,الشركة مطلوب
Company is required.,الشركة مطلوب
Company Logo,Company Logo
Company not found: {0},الشركة لا وُجد: {0}
Company Partner Legal Setup,الشركة شريك القانون الإعداد
Company Register,سجل الشركة
Company Settings,إعدادات الشركة
Company Trade Name,اسم الشركة تجارة
Company {0} not found,لم يُعثر على الشركة {0}
Compensation Event,تعويض حدث
Compensation Rules,تعويض قواعد
Complete file for {0} — {1} · Generated {2},مكتمل ملف لـ {0} — {1} · مُنشأ {2}
Completed,مكتمل
Compliance,امتثال
Compliance & e-invoice,امتثال و e فاتورة
Compliance checks complete,اكتملت فحوصات الامتثال
Compliance CSID Secret,امتثال CSID سري
Compliance CSID Token,امتثال CSID Token
Compliance Exceptions,استثناءات الامتثال
Compliance Exceptions (IFRS),استثناءات الامتثال (IFRS)
Compliance Exceptions (Tax),استثناءات الامتثال (ضريبي)
Compliance Exceptions Dashboard,لوحة استثناءات الامتثال
Compliance Gap Register,Compliance Gap Register
Compliance Mapping,Compliance Mapping
Compliance Overview,امتثال نظرة عامة
Compliance Reference,امتثال المرجع
Compliance Reports,تقارير الامتثال
Compliance Request ID,امتثال طلب المعرّف
Compliance Summary,ملخص امتثال
Compliance validation,امتثال التحقق
Conditions,شروط
Configuration,إعداد
Configuration Change Summary,Configuration Change Summary
Configuration change summary,Configuration change summary
Configuration JSON,إعداد JSON
Conflict Checks,Conflict Checks
Connector Request,موصل طلب
Consolidated Financial Statements,Consolidated Financial Statements
Consolidated Trial Balance,Consolidated Trial Balance
Construction,المقاولات
Construction & Engineering,المقاولات والهندسة
Construction Bid Estimate Register,سجل المقاولات عطاء تقدير
Construction BIM Issue Register,سجل المقاولات BIM مشكلة
Construction BIM Model Register Register,سجل سجل المقاولات BIM نموذج
Construction BOQ Template Register,سجل المقاولات جدول الكميات قالب
Construction CAPA Register,سجل المقاولات CAPA
Construction CBS Element Register,Construction CBS Element Register
Construction CDE,المقاولات CDE
Construction CDE Access Log Register,سجل سجل المقاولات CDE الوصول
Construction CDE Document Register,سجل المقاولات CDE مستند
Construction Change Order Register,Construction Change Order Register
Construction Claim,المقاولات مطالبة
Construction Project Setup,المقاولات مشروع الإعداد
Construction RFQ,Construction RFQ
Consultant Workload Summary,Consultant Workload Summary
Consultation Fee Setup,Consultation Fee Setup
Consultations,Consultations
Consumable,Consumable
Consumer Collections Action Register,Consumer Collections Action Register
Consumer Executive,مستهلك تنفيذي
Consumer Finance,التمويل الاستهلاكي
Consumer Finance Audit Snapshot,مستهلك مالية تدقيق لقطة
Consumer Finance Audit Snapshot Register,سجل مستهلك مالية تدقيق لقطة
Consumer Finance Case Register,سجل مستهلك مالية قضية
Consumer Finance Governance,مستهلك مالية الحوكمة
Consumer Finance Policy Version,مستهلك مالية سياسة إصدار
Consumer Finance Policy Version Register,سجل مستهلك مالية سياسة إصدار
Consumer Loan Application,مستهلك قرض تطبيق
Consumer Loan Application Register,سجل مستهلك قرض تطبيق
Consumer Portal,مستهلك بوابة
Consumer Repayment Schedule Register,Consumer Repayment Schedule Register
Contact Us Settings,إعدادات جهة اتصال لنا
Contingency Playbook,Contingency Playbook
Contract,عقد
Contract Account,عقد حساب
Contract Approval,عقد موافقة
Contract Control,عقد التحكم
Contract Summary,ملخص عقد
Contract Version,عقد إصدار
Contractor Scorecard,Contractor Scorecard
Contractor Statement,Contractor Statement
Control Effectiveness,Control Effectiveness
Conversations,Conversations
Conversion Rate must be greater than zero for foreign-currency transactions.,Conversion Rate must be greater than zero for foreign-currency transactions.
Core,النواة
Core Classification Code Register,سجل رمز النواة تصنيف
Core ERP,ERP الأساسي
Core Job Plan,النواة وظيفة الخطة
Core Job Plan Register,سجل النواة وظيفة الخطة
Core Maintenance Contract,النواة صيانة عقد
Core Maintenance Contract Register,سجل النواة صيانة عقد
Core PM Compliance KPIs,Core PM Compliance KPIs
Core PM Schedule Register,سجل النواة م جدولة
Core Service Request Register,سجل النواة خدمة طلب
Core Setup,النواة الإعداد
Core SLA Profile Register,سجل النواة SLA الملف الشخصي
Core Spare Part Catalog,النواة قطع جزء الفهرس
Core Spare Part Catalog Register,سجل النواة قطع جزء الفهرس
Core Technician Profile,النواة فني الملف الشخصي
Core Technician Profile Register,سجل النواة فني الملف الشخصي
Core Work Order Register,سجل النواة عمل أمر
Corporate Account,مؤسسي حساب
Cost Analysis Report,تقرير التكلفة التحليل
Cost Center,مركز التكلفة
Cost centers,Cost centers
Cost Entry,التكلفة قيد
Cost Per Vehicle Day,Cost Per Vehicle Day
Cost Variance,التكلفة انحراف
Counter sales (Sales Invoice),Counter sales (فاتورة مبيعات)
Country,الدولة
Country Code,رمز الدولة
Country Heatmap,Country Heatmap
Country is required.,الدولة مطلوب
Country ISO,الدولة ISO
"Country must be one of: EG — Egypt, SA — Saudi Arabia, AE — United Arab Emirates, DE — Germany, FR — France","Country must be one of: EG — Egypt, SA — Saudi Arabia, AE — United Arab Emirates, DE — Germany, FR — France"
Country Name,اسم الدولة
Country Pack,Country Pack
Country Tax,الدولة ضريبة
Country Tax Settings,إعدادات الدولة ضريبة
Country Tax Settings Register,سجل إعدادات الدولة ضريبة
Country Tax Submission Log,سجل الدولة ضريبة تقديم
Country Tax Submission Log Register,سجل سجل الدولة ضريبة تقديم
country_code is required to register a country adapter.,بلد الرمز مطلوب إلى سجل a بلد محول.
Course,دورة
Course Enrollment,دورة تسجيل
Court Register,سجل المحكمة
Courts,Courts
CPM Groundwork,CPM Groundwork
CPT Codes,CPT Codes
Create,إنشاء
Create or review your first **Audit Balance Snapshot** record from this workspace.,أنشئ أو راجع أول سجل **لقطة أرصدة التدقيق** من مساحة العمل هذه.
Create or review your first **Audit Engagement** record from this workspace.,أنشئ أو راجع أول سجل **ارتباط التدقيق** من مساحة العمل هذه.
Create or review your first **Audit Opinion Draft** record from this workspace.,أنشئ أو راجع أول سجل **مسودة رأي التدقيق** من مساحة العمل هذه.
Create or review your first **Branch** record from this workspace.,أنشئ أو راجع أول سجل **الفرع** من مساحة العمل هذه.
Create or review your first **Company** record from this workspace.,أنشئ أو راجع أول سجل **الشركة** من مساحة العمل هذه.
Create or review your first **Data Import** record from this workspace.,أنشئ أو راجع أول سجل **بيانات استيراد** من مساحة العمل هذه.
Create or review your first **DocType** record from this workspace.,Create or review your first **Doc Type** record from this workspace.
Create or review your first **E-Document Submission** record from this workspace.,أنشئ أو راجع أول سجل **E مستند تقديم** من مساحة العمل هذه.
Create or review your first **Event** record from this workspace.,أنشئ أو راجع أول سجل **حدث** من مساحة العمل هذه.
Create or review your first **Item** record from this workspace.,أنشئ أو راجع أول سجل **الصنف** من مساحة العمل هذه.
Create or review your first **Omnexa Purchase Settings** record from this workspace.,أنشئ أو راجع أول سجل **إعدادات مشتريات Omnexa** من مساحة العمل هذه.
Create or review your first **Omnexa Sales Settings** record from this workspace.,أنشئ أو راجع أول سجل **إعدادات مبيعات Omnexa** من مساحة العمل هذه.
Create or review your first **Omnexa Stock Settings** record from this workspace.,أنشئ أو راجع أول سجل **إعدادات مخزون Omnexa** من مساحة العمل هذه.
Create or review your first **Payment Intent** record from this workspace.,أنشئ أو راجع أول سجل **نية الدفع** من مساحة العمل هذه.
Create or review your first **Pipeline Lead** record from this workspace.,أنشئ أو راجع أول سجل **مسار عميل محتمل** من مساحة العمل هذه.
Create or review your first **Pipeline Opportunity** record from this workspace.,أنشئ أو راجع أول سجل **مسار فرصة** من مساحة العمل هذه.
Create or review your first **Purchase Order** record from this workspace.,أنشئ أو راجع أول سجل **شراء أمر** من مساحة العمل هذه.
Create or review your first **Purchase Quotation** record from this workspace.,أنشئ أو راجع أول سجل **شراء عرض سعر** من مساحة العمل هذه.
Create or review your first **Purchase Receipt** record from this workspace.,أنشئ أو راجع أول سجل **إيصال استلام المشتريات** من مساحة العمل هذه.
Create or review your first **Purchase Request** record from this workspace.,أنشئ أو راجع أول سجل **شراء طلب** من مساحة العمل هذه.
Create or review your first **Report** record from this workspace.,أنشئ أو راجع أول سجل **تقرير** من مساحة العمل هذه.
Create or review your first **Role** record from this workspace.,أنشئ أو راجع أول سجل **الدور** من مساحة العمل هذه.
Create or review your first **Sales Quotation** record from this workspace.,أنشئ أو راجع أول سجل **مبيعات عرض سعر** من مساحة العمل هذه.
Create or review your first **Signing Profile** record from this workspace.,Create or review your first **Signing Profile** record from this workspace.
Create or review your first **Stock Entry** record from this workspace.,أنشئ أو راجع أول سجل **مخزون قيد** من مساحة العمل هذه.
Create or review your first **Stock Transfer Request** record from this workspace.,أنشئ أو راجع أول سجل **مخزون تحويل طلب** من مساحة العمل هذه.
Create or review your first **Supplier** record from this workspace.,أنشئ أو راجع أول سجل **المورد** من مساحة العمل هذه.
Create or review your first **Tax Authority Profile** record from this workspace.,Create or review your first **Tax Authority Profile** record from this workspace.
Create or review your first **Tax Category** record from this workspace.,أنشئ أو راجع أول سجل **ضريبة الفئة** من مساحة العمل هذه.
Create or review your first **Tax Rule** record from this workspace.,أنشئ أو راجع أول سجل **ضريبة قاعدة** من مساحة العمل هذه.
Create or review your first **ToDo** record from this workspace.,أنشئ أو راجع أول سجل **إلى يفعل** من مساحة العمل هذه.
Create or review your first **User Branch Access** record from this workspace.,أنشئ أو راجع أول سجل **مستخدم الفرع الوصول** من مساحة العمل هذه.
Create or review your first **User Permission** record from this workspace.,أنشئ أو راجع أول سجل **مستخدم صلاحية** من مساحة العمل هذه.
Create or review your first **User** record from this workspace.,أنشئ أو راجع أول سجل **مستخدم** من مساحة العمل هذه.
Create or review your first **Warehouse** record from this workspace.,أنشئ أو راجع أول سجل **المستودع** من مساحة العمل هذه.
Create or review your first **Workflow** record from this workspace.,أنشئ أو راجع أول سجل **سير عمل** من مساحة العمل هذه.
Create or review your first **Workspace** record from this workspace.,أنشئ أو راجع أول سجل **مساحة العمل** من مساحة العمل هذه.
Credentials,Credentials
Credit Audit Snapshot,دائن تدقيق لقطة
Credit Audit Snapshot Register,سجل دائن تدقيق لقطة
Credit Connector Request Register,سجل دائن موصل طلب
Credit Decision Case Register,Credit Decision Case Register
Credit Decision Override Register,Credit Decision Override Register
Credit Engine,محرك الائتمان
Credit Engine Governance,Credit Engine Governance
Credit Executive,دائن تنفيذي
Credit Notes,دائن ملاحظات
Credit Policy Version,دائن سياسة إصدار
Credit Policy Version Register,سجل دائن سياسة إصدار
Credit Quality,دائن الجودة
Credit Risk,مخاطر الائتمان
Credit Risk Account Snapshot Register,سجل دائن مخاطر حساب لقطة
Credit Risk Audit Snapshot,دائن مخاطر تدقيق لقطة
Credit Risk Audit Snapshot Register,سجل دائن مخاطر تدقيق لقطة
Credit Risk Backtest Dataset Register,Credit Risk Backtest Dataset Register
Credit Risk Calibration Run Register,Credit Risk Calibration Run Register
Credit Risk ECL Movement Register,Credit Risk ECL Movement Register
Credit Risk Governance,دائن مخاطر الحوكمة
Credit Risk Model Validation Run Register,سجل دائن مخاطر نموذج التحقق تشغيل
Credit Risk Policy Register,سجل دائن مخاطر سياسة
Credit Risk Policy Version,دائن مخاطر سياسة إصدار
Credit Risk Policy Version Register,سجل دائن مخاطر سياسة إصدار
Credit Risk Portfolio Stress Run Register,Credit Risk Portfolio Stress Run Register
Credit Rule Profile Register,سجل دائن قاعدة الملف الشخصي
Credit Scorecard Register,Credit Scorecard Register
Credit Strategy Route Register,سجل دائن استراتيجية مسار
Credit Transfer,دائن تحويل
CreditPulse,Credit Pulse
CRM,إدارة العملاء
CRM Activity,إدارة العملاء النشاط
CRM Campaign,إدارة العملاء حملة
CRM Campaign Register,سجل إدارة العملاء حملة
CRM Case Ticket,CRM Case Ticket
CRM Case Ticket Register,CRM Case Ticket Register
CRM Interaction Log,CRM Interaction Log
CRM Interaction Log Register,CRM Interaction Log Register
CRM Lead,إدارة العملاء عميل محتمل
CRM Lead Register,سجل إدارة العملاء عميل محتمل
CRM Opportunity,إدارة العملاء فرصة
CRM Opportunity Register,سجل إدارة العملاء فرصة
Crop Cycle,Crop Cycle
Crop Cycle Register,Crop Cycle Register
Crop Yield,Crop Yield
Cross-module operations,عمليات متكاملة
Cross-tenant retrieval detected and blocked.,Cross-tenant retrieval detected and blocked.
CSR (PEM),CSR (PEM)
CSR / Invoice profile,CSR / Invoice profile
CSR Common Name,CSR Common Name
CSR Invoice Type,CSR Invoice Type
CSR Location Address,CSR Location Address
CSSD Instruments,CSSD Instruments
Currency,العملة
Currency Exchange Rate,العملة صرف السعر
Currency exchange rates,Currency exchange rates
Currency Exposure,العملة تعرض
Currency is mandatory for compliance.,Currency is mandatory for compliance.
Currency {0} does not exist.,العملة {0} غير موجود
Curriculum,Curriculum
Custom Documents,المستندات المخصصة
Custom Field,مخصص حقل
Custom Translation,Custom Translation
Customer,العميل
Customer (ERP),العميل (ERP)
Customer (project owners),العميل (project owners)
Customer Ledger,العميل دفتر
Customer Management,العميل إدارة
Customer Portal,العميل بوابة
Customer Profile,العميل الملف الشخصي
Customer Profile Register,سجل العميل الملف الشخصي
Customer revenue,العميل إيراد
Customer Service,العميل خدمة
Customer Wallet,Customer Wallet
Customers & Suppliers,عملاء و موردون
Customers (AR master),عملاء (AR رئيسي)
Customization,Customization
Customize Form,تخصيص النموذج
DAB Referral,DAB Referral
Daily Cash Collection,التحصيل النقدي اليومي
Daily Revenue,يومي الإيراد
Daily Run,يومي تشغيل
Daily Sales,يومي مبيعات
Damage & Liability,Damage & Liability
Damage Report,Damage Report
Dashboard,لوحة معلومات
Dashboard Chart,مخطط لوحة
Data,بيانات
Data & setup,بيانات و إعداد
Data Import,بيانات استيراد
DE — Germany,DE — Germany
Dead Letter,Dead Letter
Dead stock,Dead stock
Dead Stock Report,Dead Stock Report
Debtor Exposure,Debtor Exposure
Decision Case,Decision Case
Decision Override,Decision Override
Decision SLA Monitor,Decision SLA Monitor
Default advances to suppliers GL,Default advances to suppliers GL
Default bank (operating) GL,Default bank (operating) GL
Default cost of goods sold GL,Default cost of goods sold GL
Default Currency,افتراضي العملة
Default customer advances GL,Default customer advances GL
Default finance cost GL,افتراضي مالية التكلفة GL
Default GL accounts (IFRS-oriented),Default GL accounts (IFRS-oriented)
Default input VAT / recoverable GL,Default input VAT / recoverable GL
Default inventory GL,افتراضي مخزون GL
Default Operating Bank GL,Default Operating Bank GL
Default operating expense (G&A) GL,Default operating expense (G&A) GL
Default other receivables GL,Default other receivables GL
Default output VAT / payable GL,Default output VAT / payable GL
Default Peppol Receiver ID,Default Peppol Receiver ID
Default petty cash GL,Default petty cash GL
Default POS Warehouse Type,نوع افتراضي نقطة البيع المستودع
Default Prediction,Default Prediction
Default Purchase Tax Rule,افتراضي شراء ضريبة قاعدة
Default retained earnings GL,Default retained earnings GL
Default Sales Invoice Due Days,افتراضي مبيعات الفاتورة مستحق أيام
Default sales revenue GL,افتراضي مبيعات إيراد GL
Default Sales Tax Category,افتراضي مبيعات ضريبة الفئة
Default Sales Tax Rule,افتراضي مبيعات ضريبة قاعدة
Default service revenue GL,افتراضي خدمة إيراد GL
Default share capital GL,افتراضي حصة رأس المال GL
Default trade payables GL,Default trade payables GL
Default trade receivable GL,Default trade receivable GL
Default VAT Rate,افتراضي VAT السعر
Default VAT Rate (%),افتراضي VAT السعر (%)
Default VAT Rate must be a number.,يجب أن افتراضي VAT السعر يكون a الرقم.
Default VAT Rate must be between 0 and 100.,يجب أن افتراضي VAT السعر يكون بين 0 و 100.
"Define what you sell or book: SKU, pricing, and availability for web orders and bookings.","Define what you sell or book: SKU, pricing, and availability for web orders and bookings."
Delay After Sign (hours),Delay After Sign (hours)
Delete,حذف
Deleted Documents,حُذف المستندات
Delinquency,Delinquency
Deliveries,Deliveries
Delivery Delay Report,Delivery Delay Report
Delivery Driver,تسليم سائق
Delivery Driver Register,سجل تسليم سائق
Delivery Note,تسليم ملاحظة
Delivery Note DocType not available.,Delivery Note Doc Type not available.
Delivery Terms,تسليم فترات
Delivery Zone,تسليم منطقة
Delivery Zone Register,سجل تسليم منطقة
Demo Action Key,تجريبي إجراء مفتاح
Demo Data,تجريبي بيانات
Demo Environments,تجريبي بيئات
Demo Execution Log,سجل تجريبي التنفيذ
Demo Execution Log Register,سجل سجل تجريبي التنفيذ
Demo Hub,تجريبي مركز
Demo Providers,Demo Providers
Demo Studio,استوديو العرض
Demo Templates,تجريبي قوالب
Demo Title,تجريبي العنوان
Demo/simulation items cannot be sold from Retail POS.,Demo/simulation items cannot be sold from Retail POS.
Dental Chart,مخطط الأسنان
Dental Treatment Plan,خطة علاج أسنان
Department,قسم
Dependencies not satisfied,Dependencies not satisfied
Dependencies Satisfied,Dependencies Satisfied
Depreciation Entry,إهلاك قيد
Depreciation Schedule,إهلاك جدولة
Description,الوصف
Design & quantities (BOQ),التصميم والكميات (جدول الكميات)
Design Delay Report,Design Delay Report
Desk,المكتب
Desk Filters,المكتب المرشحات
Desk User,المكتب مستخدم
Details,التفاصيل
Development Budget,ميزانية التطوير
Development Budget Register,سجل ميزانية التطوير
Development Project,مشروع تطوير
Development Project Register,سجل مشاريع التطوير
Development project register,سجل مشاريع التطوير
Deviation,انحراف
Device Admin,Device Admin
Diagnosis Frequency,تكرار التشخيص
Diagnostic Category Summary,ملخص فئات التشخيص
Diagnostic Reports,Diagnostic Reports
Dialysis Desk,Dialysis Desk
DICOM Viewer,DICOM العارض
Diet Desk,Diet Desk
Disabled,معطّل
Discharge Summary,ملخص خروج
Discipline Incident,Discipline Incident
Disclosure Readiness,Disclosure Readiness
Discount Rule,خصم قاعدة
Dispatch,Dispatch
Dispense Summary,Dispense Summary
Disposal,Disposal
Dispute Case,Dispute Case
Distribution Fulfillment,Distribution Fulfillment
Distribution Order,Distribution Order
Distribution Zone,Distribution Zone
District,District
DLP Record,DLP Record
DocType,Doc Type
DocType {0} is not a Finance Group case document.,Doc Type {0} is not a Finance Group case document.
Document,مستند
Document Code,رمز مستند
Document Control,ضبط المستندات
Document Metadata,مستند بيانات وصفية
Document Name (AR),مستند الاسم (AR)
Document Name (EN),مستند الاسم (EN)
Document Policies,مستند سياسات
Document Policy by Finance App,مستند سياسة بواسطة مالية تطبيق
Document Register,سجل مستند
Document Share Report,تقرير مستند مشاركة
Document Transmittal,Document Transmittal
Document Type,نوع مستند
Document {0} {1} not found.,لم يُعثر على مستند {0} {1}
Documents,المستندات
Documents & Integration,المستندات والتكامل
download,تحميل
Download Backups,Download Backups
Downtime SLA,Downtime SLA
DR Runbook,DR Runbook
DR Runbooks,DR Runbooks
DRAFT,مسودة
Draft,مسودة
DRG Codes,DRG Codes
Driver Training,سائق تدريب
Driver Violation,Driver Violation
Dropbox Settings,Dropbox Settings
Drug Alternative,Drug Alternative
Drug Formulary,Drug Formulary
Drug Interaction Alerts,Drug Interaction Alerts
Drug Interactions,Drug Interactions
Drug License,دواء الترخيص
Drug Pricing History,سجل دواء الأسعار
Drug Registration,دواء تسجيل
Due Date cannot be before Posting Date.,مستحق التاريخ لا يمكن يكون قبل ترحيل التاريخ.
Due Date on new Sales Invoices when the customer has no credit days / payment terms (posting date + N days).,Due Date on new Sales Invoices when the customer has no credit days / payment terms (posting date + N days).
Duplicate,نسخ
Duplicate UUID,مكرر UUID
Duplicate webhook event for provider/event_id.,Duplicate webhook event for provider/event_id.
Duration,مدة
Dynamic Role,ديناميكي الدور
E Invoice Submission,E الفاتورة تقديم
E Invoice Submission Register,سجل E الفاتورة تقديم
E-Approved,E معتمد
E-Document Submission,E مستند تقديم
E-Document Submission records cannot be cancelled.,E مستند تقديم سجلات لا يمكن يكون أُلغي.
E-Document Submission Register,سجل E مستند تقديم
E-Invoice,الفاتورة الإلكترونية
E-Invoice & E-Receipt Queue,الفاتورة الإلكترونية و E الإيصال الانتظار
E-Invoice API Base URL,E فاتورة واجهة API Base URL
E-Invoice Client ID,E الفاتورة العميل المعرّف
E-Invoice Client ID is required when e-invoice is enabled.,E الفاتورة العميل المعرّف هو مطلوب عند e فاتورة هو مفعّل.
E-Invoice Client Secret,E الفاتورة العميل سري
E-Invoice Environment,E الفاتورة البيئة
E-Invoice Review Queue,E الفاتورة مراجعة الانتظار
E-Invoice Signing Profile,E-Invoice Signing Profile
E-Invoice Submission,E الفاتورة تقديم
E-Invoice Taxpayer RIN,E-Invoice Taxpayer RIN
E-Invoice Taxpayer RIN is required when e-invoice is enabled.,E-Invoice Taxpayer RIN is required when e-invoice is enabled.
E-Invoicing,E-Invoicing
E-Receipt Activity Code,رمز E الإيصال النشاط
E-Receipt API Base URL,E-Receipt API Base URL
E-Receipt Client ID,E الإيصال العميل المعرّف
E-Receipt Client Secret,E الإيصال العميل سري
E-Receipt Environment,E الإيصال البيئة
E-Receipt Review Queue,E الإيصال مراجعة الانتظار
E-Receipt Taxpayer RIN,E-Receipt Taxpayer RIN
E-Signature,E التوقيع
Early Warning (NEC4),Early Warning (NEC4)
Earned Value (EVM),Earned Value (EVM)
EC Private Key (PEM),EC Private Key (PEM)
ECL Movement,ECL Movement
Edit,تعديل
Edu Parent Hub,Edu Parent Hub
Edu Student Hub,Edu Student Hub
Education,التعليم
Education Institution Type,التعليم Institution النوع
Education Settings,إعدادات التعليم
Education Workcenter,التعليم مركز العمل
EG — Egypt,EG — Egypt
EGS Serial Number,EGS Serial Number
EGY_ETA,EGY_ETA
Egypt ETA,Egypt ETA
Egypt taxpayer registration (ETA) when e-invoicing is enabled,Egypt taxpayer registration (ETA) when e-invoicing is enabled
Electronic Approved By,Electronic Approved By
Electronic Approved On,Electronic Approved On
Electronic Archive,Electronic Archive
Electronic Signature,Electronic Signature
Eligibility Check,Eligibility Check
Email,البريد الإلكتروني
Email Account,البريد الإلكتروني حساب
Email Account {0} not found,لم يُعثر على البريد الإلكتروني حساب {0}
Email Domain,البريد الإلكتروني النطاق
Email Group,البريد الإلكتروني مجموعة
Email Template,البريد الإلكتروني قالب
Employee,الموظف
Employee (HR),Employee (الموارد البشرية)
Employee Appraisal,الموظف تقييم
Employee Directory,Employee Directory
Employee Ledger,الموظف دفتر
Employee Self-Service,الموظف ذاتي خدمة
Enable Branches,تفعيل فروع
Enable E-Invoice,تفعيل E الفاتورة
Enable E-Receipt (POS),تفعيل E الإيصال (نقطة البيع)
Enable ZATCA E-Invoicing,Enable ZATCA E-Invoicing
Encounter,Encounter
Encounter Summary,Encounter Summary
Encounters,Encounters
Encounters by Practitioner,Encounters by Practitioner
Encryption Key,Encryption Key
End of Service,النهاية من خدمة
End Time,وقت الانتهاء
Enforce batch/expiry on stock transactions,Enforce batch/expiry on stock transactions
Enforce credit limit on submit,Enforce credit limit on submit
Engagement,ارتباط
Engagements,Engagements
Engineering AIR Record,Engineering AIR Record
Engineering AIR Record Register,Engineering AIR Record Register
Engineering Built Environment Code,رمز هندسة مُصمَّم البيئة
Engineering Built Environment Code Register,سجل رمز هندسة مُصمَّم البيئة
Engineering CDE Provider,هندسة CDE المزود
Engineering CDE Provider Register,سجل هندسة CDE المزود
Engineering CDE Upload Log,سجل هندسة CDE رفع
Engineering CDE Webhook Log,Engineering CDE Webhook Log
Engineering CDM Site Risk Register,Engineering CDM Site Risk Register
Engineering Change Request Summary,Engineering Change Request Summary
Engineering Compliance Rule,هندسة امتثال قاعدة
Engineering Consultant Engagement,هندسة استشاري ارتباط
Engineering Consulting,الاستشارات الهندسية
Engineering Contract Workflow Binding,Engineering Contract Workflow Binding
Engineering Document Edition Group,Engineering Document Edition Group
Engineering Document Issue Bundle,هندسة مستند مشكلة حزمة
Engineering Document Issue Template,هندسة مستند مشكلة قالب
Engineering Document Transmittal,Engineering Document Transmittal
Engineering Earned Value Entry,Engineering Earned Value Entry
Engineering Escalation Policy,Engineering Escalation Policy
Engineering Handover Certificate,هندسة التسليم شهادة
Engineering Legal Signature Event,هندسة القانون التوقيع حدث
Engineering OIR Record,Engineering OIR Record
Engineering PID Record,Engineering PID Record
Engineering PIR Record,Engineering PIR Record
Engineering Portal Membership,Engineering Portal Membership
Engineering Project Compliance Profile,هندسة مشروع امتثال الملف الشخصي
Engineering Project Compliance Snapshot,هندسة مشروع امتثال لقطة
Engineering Project RIBA Sequence Policy,Engineering Project RIBA Sequence Policy
Engineering Register,سجل هندسة
Engineering Regulatory Profile,هندسة تنظيمي الملف الشخصي
Engineering Review Workload,Engineering Review Workload
Engineering Site Incident,Engineering Site Incident
Engineering Site Observation,Engineering Site Observation
Engineering Site Observation Dashboard,Engineering Site Observation Dashboard
Engineering Site Record,هندسة الموقع سجل
Engineering Stage,هندسة المرحلة
Engineering Standard Crosswalk,Engineering Standard Crosswalk
Engineering Statutory Payment Certificate,Engineering Statutory Payment Certificate
Engineering Submittal,Engineering Submittal
Engineering Submittal SLA Watchlist,Engineering Submittal SLA Watchlist
Engineering Submittal Summary,Engineering Submittal Summary
Engineering Supervision Register,سجل هندسة إشراف
engineering-consulting,هندسة استشارات
Enrollment,تسجيل
Enrollment by Age,Enrollment by Age
Enrollment Summary,ملخص تسجيل
Enterprise desk,المؤسسات المكتب
Environment,البيئة
Environmental Aspect,Environmental Aspect
Environmental Compliance,Environmental Compliance
Environmental Monitoring,Environmental Monitoring
epass2003,epass2003
Episode Duration,مدة حلقة الرعاية
Episode of Care,Episode of Care
ePrescription,e وصفة
ePrescription Writer,e Prescription Writer
Equipment Qualification,معدات مؤهل
Equipment Usage,معدات الاستخدام
ER Board,ER Board
ER Visit,ER زيارة
ERPGenex Applications,ERPGenex التطبيقات
ERPGenEx Maintenance Core Document Summary,ERPGen Ex Maintenance Core Document Summary
ErpGenEx Marketplace,Erp Gen Ex Marketplace
Erpgenex Property Mgmt,إدارة العقارات
Erpgenex Realestate Dev,التطوير العقاري
Erpgenex Realestate Dev Document Summary,Erpgenex Realestate Dev Document Summary
Erpgenex Realestate Sales,التسويق العقاري
Erpgenex Realestate Sales Activity Register,Erpgenex Realestate Sales Activity Register
Erpgenex Realestate Sales Document Summary,Erpgenex Realestate Sales Document Summary
Erpgenex Realestate Sales Status Overview,Erpgenex Realestate Sales Status Overview
ERPGenex SaaS,ERPGenex Saa S
ERPGENEX — Core ERP,ERPGENEX — ERP الأساسي
ERPGENEX — Dashboard,ERPGENEX — لوحة المعلومات
Error,خطأ
Error Details,تفاصيل خطأ
Error Logs,خطأ سجلات
Error Message,خطأ رسالة
Errors,أخطاء
Escalation Matrix,Escalation Matrix
Escalation Rule,قاعدة تصعيد الإيجار
ETA Branch Code,رمز ETA الفرع
ETA branch code in receipt JSON (defaults to Branch Code).,ETA branch code in receipt JSON (defaults to Branch Code).
ETA E-Invoice Console,ETA E-Invoice Console
ETA E-Invoice Review Queue,ETA E الفاتورة مراجعة الانتظار
ETA E-Receipt Console,ETA E-Receipt Console
ETA E-Receipt Review Queue,ETA E الإيصال مراجعة الانتظار
ETA Error Code,رمز ETA خطأ
ETA header posmodelframework (usually 1).,ETA header posmodelframework (usually 1).
ETA setup,ETA إعداد
EV Charging,EV Charging
EV Charging Session Register,EV Charging Session Register
Event,حدث
Event Audit Log,سجل حدث تدقيق
Event Audit Log Register,سجل سجل حدث تدقيق
Event Dead Letter,Event Dead Letter
Event Dead Letter Register,Event Dead Letter Register
Event Hash,حدث تجزئة
Event ID,حدث المعرّف
Event Name,اسم حدث
Event Outbox,Event Outbox
Event Payload,Event Payload
Event Pipeline Health,حدث مسار الصحة
Event Reference,حدث المرجع
Evidence,دليل
EVM / KPI Summary,EVM / KPI Summary
EVM Dashboard,EVM Dashboard
Exceptions,استثناءات
Execution Context,التنفيذ السياق
Execution Details,تفاصيل التنفيذ
Execution ID,التنفيذ المعرّف
Execution Mode,التنفيذ وضع
Execution Results,التنفيذ نتائج
Executive BI,تنفيذي BI
Executive Dashboard,لوحة المدير التنفيذية
Executive Summary,ملخص تنفيذي
Expected tenant is required.,Expected tenant is required.
Expense by Branch,المصروف بواسطة الفرع
Experience,خبرة
Experience Tenant Theme,سمة المستأجر
Expiring Policies Report,Expiring Policies Report
Expiry Date,تاريخ الانتهاء
Expiry Report,تقرير انتهاء
"Explore role portals and training accounts below, then click Continue to finish this step.","Explore role portals and training accounts below, then click Continue to finish this step."
Explore this workspace,استكشف مساحة العمل
Export Data,تصدير بيانات
Export Manager,تصدير مدير
Export Shipment,تصدير شحنة
Extension of Time (EOT),Extension of Time (EOT)
External Ingestion,External Ingestion
External Reference,خارجي المرجع
Extra Services,Extra Services
Facility Profile,منشأة الملف الشخصي
FactorFlow,Factor Flow
Factoring,التخصيم
Factoring Audit Snapshot,التخصيم تدقيق لقطة
Factoring Audit Snapshot Register,سجل التخصيم تدقيق لقطة
Factoring Case,التخصيم قضية
Factoring Case Register,سجل التخصيم قضية
Factoring Collection Event,التخصيم تحصيل حدث
Factoring Collection Event Register,سجل التخصيم تحصيل حدث
Factoring Debtor Exposure,Factoring Debtor Exposure
Factoring Debtor Exposure Register,Factoring Debtor Exposure Register
Factoring Executive,التخصيم تنفيذي
Factoring Governance,التخصيم الحوكمة
Factoring Invoice Register,سجل التخصيم الفاتورة
Factoring Policy Version,التخصيم سياسة إصدار
Factoring Policy Version Register,سجل التخصيم سياسة إصدار
Factoring Portal,التخصيم بوابة
Factoring Settlement Run,Factoring Settlement Run
Factoring Settlement Run Register,Factoring Settlement Run Register
Failed,فشل
Failure Analysis Report,تقرير فشل التحليل
Family History,Family History
Family Medical Tree,Family Medical Tree
Family Medicine Dashboard,Family Medicine Dashboard
Family Risk Scores,Family Risk Scores
Family Units,Family Units
Farm,Farm
Farm Profitability,Farm Profitability
Farm Register,Farm Register
Fee Aging,Fee Aging
Fee Item,رسوم الصنف
Fee Plan,رسوم الخطة
Fee Revenue by Item,رسوم الإيراد بواسطة الصنف
Fee Structure,رسوم بنية
feitian,feitian
FERPA Access Log,FERPA Access Log
FERPA Audit Trail,FERPA Audit Trail
FIDIC Checklist 100%,FIDIC Checklist 100%
FIDIC Clause Reference,FIDIC Clause Reference
FIDIC Compliance,FIDIC امتثال
FIDIC Notice,FIDIC إشعار
Field (AR),حقل (AR)
Field (EN),حقل (EN)
Field Name,اسم حقل
Field Permission,حقل صلاحية
Field Plot,حقل قطعة
Field Plot Register,سجل حقل قطعة
Field Portal,حقل بوابة
Field PWA,تطبيق الميدان
File Header,ملف رأس
Files,ملفات
Fill default GLs from CoA (by account number),Fill default GLs from Co A (by account number)
Filter Desk Apps by Company Activity,تصفية المكتب التطبيقات بواسطة الشركة النشاط
Filters,المرشحات
Filters Applied,الفلاتر المطبقة
Final Account,نهائي حساب
Finance Accounting,مالية المحاسبة
Finance Accounting Event Template Register,سجل مالية المحاسبة حدث قالب
Finance App,مالية تطبيق
Finance Audit Snapshot,مالية تدقيق لقطة
Finance Audit Snapshot Register,سجل مالية تدقيق لقطة
Finance Auto,مالية آلي
Finance Borrower Case Document,Finance Borrower Case Document
Finance Borrower Case Document Register,Finance Borrower Case Document Register
Finance Borrower Complete File,Finance Borrower Complete File
Finance Borrower Document Policy Line,Finance Borrower Document Policy Line
Finance Borrower Document Settings,Finance Borrower Document Settings
Finance Borrower Document Type,Finance Borrower Document Type
Finance Borrower Document Type Register,Finance Borrower Document Type Register
Finance Calc Run Register,Finance Calc Run Register
Finance Case,مالية قضية
Finance Consumer,مالية مستهلك
Finance Consumer Officer,مالية مستهلك مسؤول
Finance Contract Account Register,سجل مالية عقد حساب
Finance Control Center,مالية التحكم مركز
Finance Control Exceptions,استثناءات الضوابط المالية
Finance Control Violations,مخالفات الضوابط المالية
Finance Controls,الضوابط المالية
Finance Credit Origination,Finance Credit Origination
Finance Credit Risk,مالية دائن مخاطر
Finance Customers,مالية عملاء
Finance demo already exists for {0} on this branch ({1} records). Enable Rebuild to re-seed.,Finance demo already exists for {0} on this branch ({1} records). Enable Rebuild to re-seed.
Finance Demo Hub,مالية تجريبي مركز
Finance Desk,مالية المكتب
Finance Director,مالية مدير
Finance Engine,محرك التمويل
Finance Engine Governance,Finance Engine Governance
Finance Event Outbox Register,Finance Event Outbox Register
Finance Executive,مالية تنفيذي
Finance Factoring,مالية التخصيم
Finance Fee Plan,مالية رسوم الخطة
Finance Fee Plan Register,سجل مالية رسوم الخطة
Finance GRC,Finance GRC
Finance Group,المجموعة المالية
Finance Group Executive,المدير التنفيذي للمجموعة المالية
Finance Leasing,Finance Leasing
Finance Microfinance,Finance Microfinance
Finance Microfinance Officer,Finance Microfinance Officer
Finance Mortgage,Finance Mortgage
Finance Policy Register,سجل مالية سياسة
Finance Policy Version Register,سجل مالية سياسة إصدار
Finance Posting Rule,مالية ترحيل قاعدة
Finance Product,مالية منتج
Finance Product Register,سجل مالية منتج
Finance Rate Plan,مالية السعر الخطة
Finance Rate Plan Register,سجل مالية السعر الخطة
Finance rule {0}: Cost Center is required for all lines.,مالية قاعدة {0}: التكلفة مركز مطلوب لـ كل البنود .
Finance rule {0}: Cost Center is required.,مالية قاعدة {0}: التكلفة مركز مطلوب
Finance rule {0}: Project is required for all lines.,مالية قاعدة {0}: مشروع مطلوب لـ كل البنود .
Finance rule {0}: Reference or External Reference is required.,مالية قاعدة {0}: المرجع أو خارجي المرجع مطلوب
Finance Scenario Run Register,سجل مالية سيناريو تشغيل
Finance SME,Finance SME
Finance SME Officer,Finance SME Officer
Finance SoD Blocks,حظر فصل المهام (SoD)
Finance Treasury,Finance Treasury
Finance Workcenter,مركز عمل المالية
Finance Workcenter roles ready. Each user enters via their role portal.,Finance Workcenter roles ready. Each user enters via their role portal.
FinanceCore,مالية النواة
Financial,مالي
Financial defaults (branch),Financial defaults (branch)
Financial KPI Summary,ملخص مالي KPI
Financial Risks,مالي مخاطر
Financial Services,مالي الخدمات
Financial Statements & Reports,Financial Statements & Reports
Finding,نتيجة
Fines Statement,Fines Statement
FinTruth — Accounting (Core),FinTruth — المحاسبة (Core)
First calendar month of the fiscal year (1 = January). Used for period-close and statutory calendars.,First calendar month of the fiscal year (1 = January). Used for period-close and statutory calendars.
First Pass Yield,First Pass Yield
Fiscal reporting unit code,Fiscal reporting unit code
Fiscal Year,Fiscal Year
Fiscal year start month,Fiscal year start month
Fiscal year start month must be between 1 and 12.,Fiscal year start month must be between 1 and 12.
Fiscal years,Fiscal years
Fixed Asset,ثابت أصل
Fixed Asset Auto Depreciation Policy,ثابت أصل آلي إهلاك سياسة
Fixed Asset Depreciation Method,ثابت أصل إهلاك طريقة
Fixed Asset Depreciation Posting Summary,ملخص ثابت أصل إهلاك ترحيل
Fixed Asset Status,حالة ثابت أصل
Fixed Assets,الأصول الثابتة
Fixed assets,ثابت أصول
Fixed Assets Workcenter,ثابت أصول مركز العمل
Fleet Utilization,أسطول استخدام
Flight Ticket Sales,Flight Ticket Sales
Floor,طابق
Folio Outstanding,Folio Outstanding
Force Finance Seed,Force Finance Seed
Force Healthcare Seed,Force Healthcare Seed
Form,نموذج
FR — France,FR — France
Franchise Agent,Franchise Agent
Franchise Dashboard,Franchise Dashboard
From,من
From ETA portal when POS device is registered (if provided). Sent as presharedkey header.,From ETA portal when POS device is registered (if provided). Sent as presharedkey header.
Front Office Arrivals Departures,Front Office Arrivals Departures
Front Office — Bookings,أمام مكتب — حجوزات
Front Office — Facilities & services,أمام مكتب — منشآت و خدمات
Front Office — POS & Billing,أمام مكتب — نقطة البيع و الفوترة
Front Office — Reports,أمام مكتب — تقارير
FTP Curve,FTP Curve
Fuel & Energy,Fuel & Energy
Fuel IoT,Fuel Io T
Fuel Log,Fuel Log
Full required_apps chain from app hooks will be installed.,Full required_apps chain from app hooks will be installed.
Functional Location,Functional Location
Further,المزيد
Gap Report,Gap Report
General,عام
General Journal,عام يومية
General Ledger,دفتر الأستاذ العام
General Manager,عام مدير
Generate professional COA,Generate professional COA
Generated at,أُنشئ في
Generated by,أُنشئ بواسطة
Generation Jobs,Generation Jobs
Geofence Zone,Geofence Zone
Get started with Audit Balance Snapshot,ابدأ بـ لقطة أرصدة التدقيق
Get started with Audit Engagement,ابدأ بـ ارتباط التدقيق
Get started with Audit Opinion Draft,ابدأ بـ مسودة رأي التدقيق
Get started with Branch,ابدأ بـ الفرع
Get started with Company,ابدأ بـ الشركة
Get started with Data Import,ابدأ بـ بيانات استيراد
Get started with DocType,Get started with Doc Type
Get started with E-Document Submission,ابدأ بـ E مستند تقديم
Get started with Event,ابدأ بـ حدث
Get started with Item,ابدأ بـ الصنف
Get started with Omnexa Purchase Settings,إعدادات ابدأ بـ Omnexa شراء
Get started with Omnexa Sales Settings,إعدادات ابدأ بـ Omnexa مبيعات
Get started with Omnexa Stock Settings,إعدادات ابدأ بـ Omnexa مخزون
Get started with Payment Intent,ابدأ بـ نية الدفع
Get started with Pipeline Lead,ابدأ بـ مسار عميل محتمل
Get started with Pipeline Opportunity,ابدأ بـ مسار فرصة
Get started with Purchase Order,ابدأ بـ شراء أمر
Get started with Purchase Quotation,ابدأ بـ شراء عرض سعر
Get started with Purchase Receipt,ابدأ بـ إيصال استلام المشتريات
Get started with Purchase Request,ابدأ بـ شراء طلب
Get started with Report,تقرير ابدأ بـ
Get started with Role,ابدأ بـ الدور
Get started with Sales Quotation,ابدأ بـ مبيعات عرض سعر
Get started with Signing Profile,Get started with Signing Profile
Get started with Stock Entry,ابدأ بـ مخزون قيد
Get started with Stock Transfer Request,ابدأ بـ مخزون تحويل طلب
Get started with Supplier,ابدأ بـ المورد
Get started with Tax Authority Profile,Get started with Tax Authority Profile
Get started with Tax Category,ابدأ بـ ضريبة الفئة
Get started with Tax Rule,ابدأ بـ ضريبة قاعدة
Get started with ToDo,ابدأ بـ إلى يفعل
Get started with User,ابدأ بـ مستخدم
Get started with User Branch Access,ابدأ بـ مستخدم الفرع الوصول
Get started with User Permission,ابدأ بـ مستخدم صلاحية
Get started with Warehouse,ابدأ بـ المستودع
Get started with Workflow,ابدأ بـ سير عمل
Get started with Workspace,ابدأ بـ مساحة العمل
GL Account,حساب GL
GL Account DocType is missing. Please run bench migrate / install omnexa_accounting.,GL Account Doc Type is missing. Please run bench migrate / install omnexa_accounting.
Global Defaults,الإعدادات العامة
Global ERP,عالمي ERP
Global Hospitality Portfolio,Global Hospitality Portfolio
Goods Receipt,بضائع الإيصال
Google Calendar,Google Calendar
Google Contacts,Google Contacts
Google Drive,Google Drive
Google Services,Google Services
Google Settings,Google Settings
Governance,الحوكمة
Governance Audit Trail,Governance Audit Trail
Governance index for W4 print audit. Apps without reports are waived per platform policy.,Governance index for W4 print audit. Apps without reports are waived per platform policy.
Governance Overview,نظرة عامة على الحوكمة
Governance reports,الحوكمة تقارير
Governate,Governate
GPA Summary,GPA Summary
GPS Track,GPS Track
Grade Distribution,Grade Distribution
Grade Level,درجة مستوى
Grade Level Profitability,Grade Level Profitability
Grading Scale,Grading Scale
Graduation Desk,Graduation Desk
GRC Portal,GRC Portal
Group,مجموعة
Group Booking,مجموعة حجز
Guest,زائر
Guest Folio,Guest Folio
Guest Folio Outstanding,Guest Folio Outstanding
Guest PWA,زائر PWA
Guide,دليل
Guided setup for this workspace.,Guided setup for this workspace.
Handover & defects (snagging),التسليم والعيوب
Handover Package,حزمة التسليم
Harvest,Harvest
Harvest Record Register,Harvest Record Register
Hazard Register,Hazard Register
Headcount,Headcount
Healthcare,الرعاية الصحية
Healthcare Cashier,الرعاية الصحية الخزينة
Healthcare Executive,الرعاية الصحية تنفيذي
Healthcare Finance,الرعاية الصحية مالية
Healthcare Manager,الرعاية الصحية مدير
Healthcare Nursing,Healthcare Nursing
Healthcare Patient Portal,الرعاية الصحية المريض بوابة
Healthcare Patients,الرعاية الصحية مرضى
Healthcare Pharmacy,الرعاية الصحية صيدلية
Healthcare Physician,الرعاية الصحية الطبيب
Healthcare Reception,الرعاية الصحية الاستقبال
Healthcare Settings,إعدادات الرعاية الصحية
Hearings,Hearings
Help,مساعدة
Help Article,مساعدة مقال
Help Category,مساعدة الفئة
Help Text,Help Text
Hidden Desk Apps (manual),مخفي المكتب التطبيقات (دليل)
Home,الرئيسية
Home Lab Collection Request,الرئيسية مختبر تحصيل طلب
Home Visits,Home Visits
HomeLend,Home Lend
Hospitality Audit Event,Hospitality Audit Event
Hospitality Command Center,Hospitality Command Center
Hostel Allocation,Hostel Allocation
Hostel Room,Hostel Room
Hotel,Hotel
Hotel Asset Depreciation,Hotel Asset Depreciation
Hotel Asset Inspection,Hotel Asset Inspection
Hotel Asset Register,Hotel Asset Register
Hotel Asset Transfer,Hotel Asset Transfer
Hotel Assets,Hotel Assets
Hotel Assets (إدارة أصول الفنادق),Hotel Assets (إدارة أصول الفنادق)
Hotel Assets by Floor,Hotel Assets by Floor
Hotel Assets Count,Hotel Assets Count
Hotel Assets Dashboard,Hotel Assets Dashboard
Hotel Floor Plan,Hotel Floor Plan
Hotel Front Office,Hotel Front Office
Hotel Functional Area,Hotel Functional Area
Hotel IAS 16 Disclosure Schedule,Hotel IAS 16 Disclosure Schedule
Hotel Inspection Summary,Hotel Inspection Summary
Hotel Movement History,Hotel Movement History
Hotel NBV by Property,Hotel NBV by Property
Hotel Operational Asset Status,Hotel Operational Asset Status
Hotel Property,Hotel Property
Hotel Room,Hotel Room
Housekeeping,Housekeeping
Housekeeping Perf,Housekeeping Perf
Housekeeping Performance,Housekeeping Performance
Housekeeping Task,Housekeeping Task
HR,الموارد البشرية
HR Director,الموارد البشرية مدير
HR Settings,إعدادات الموارد البشرية
HSE Incident,HSE Incident
HSE KPI Dashboard,HSE KPI Dashboard
HSE Summary,HSE Summary
HTTP Status Code,HTTP الحالة الرمز
IAS 16 Disclosure Schedule,IAS 16 Disclosure Schedule
IBAN,IBAN
ICD-10 Codes,ICD-10 Codes
ICD-11 Codes,ICD-11 Codes
ICU / NICU Board,ICU / NICU Board
ICU / NICU Monitoring,ICU / حضانة أطفال مراقبة
ICU Occupancy,إشغال العناية المركزة
ICV Counter,ICV Counter
IFC Viewer (Lite),IFC Viewer (Lite)
IFRS,IFRS
IFRS + Local GAAP (dual),IFRS + Local GAAP (dual)
IFRS 16 Liability,التزام الإيجار IFRS 16
IFRS defaults,IFRS defaults
Imaging Modalities,Imaging Modalities
Immunization Coverage,Immunization Coverage
Immunizations,Immunizations
Implant Trace,Implant Trace
Import Data,استيراد بيانات
Import from Primavera XER,Import from Primavera XER
Import LC,استيراد LC
Import LC Item,استيراد LC الصنف
Import License,استيراد الترخيص
Import Manager,استيراد مدير
In Basket,In Basket
In Basket Items,In Basket Items
In Progress,قيد التنفيذ
Inactive,غير نشط
Incident SLA,Incident SLA
Include Healthcare Financials,Include Healthcare Financials
Income Statement,Income Statement
Indent,Indent
Industry / Business Category,صناعة / أعمال الفئة
Industry Sector,صناعة قطاع
Industry Solutions,حلول القطاعات
Infection Surveillance,Infection Surveillance
Inherit company default GL accounts,Inherit company default GL accounts
Inpatient Occupancy,إشغال المنوّمين
Insights,رؤى وتحليلات
Inspection,فحص
Inspection Compliance Report,تقرير فحص امتثال
Inspection Request,فحص طلب
Install omnexa_setup_intelligence to run branch demo actions.,Install omnexa_setup_intelligence to run branch demo actions.
Installed,المُثبَّت
Installment Contract,Installment Contract
Installment Plans,Installment Plans
Installment Portfolio,Installment Portfolio
Institution,Institution
Insurance Claim,تأمين مطالبة
Insurance Claim Summary,ملخص تأمين مطالبة
Insurance Company,تأمين الشركة
Insurance Compliance,تأمين امتثال
Insurance Cost Analysis,تأمين التكلفة التحليل
Insurance Coverage Type,Insurance Coverage Type
Insurance Incident,Insurance Incident
Insurance Plan,تأمين الخطة
Insurance Policy,تأمين سياسة
Insurance Renewal,Insurance Renewal
Integration Settings,إعدادات تكامل
Integrations,Integrations
Integrations Hub,Integrations Hub
Interactive Dental Chart,مخطط أسنان تفاعلي
Internal Audit,داخلي تدقيق
Internal stock requests,داخلي سهم طلبات
International Summary,ملخص دولي
International Tax Console,International Tax Console
Interview,مقابلة
Invalid amount in bank CSV row {0}.,المبلغ في بنك CSV صف {0}. غير صالح
Invalid app slug.,Invalid app slug.
Invalid bank CSV row format.,بنك CSV صف تنسيق. غير صالح
Invalid install ref. Use branch/tag names only.,Invalid install ref. Use branch/tag names only.
Invalid timestamp.,طابع زمني. غير صالح
Invalid webhook signature.,Invalid webhook signature.
Inventory,مخزون
Inventory & development context,المخزون وسياق التطوير
Inventory & Warehouse Reports,مخزون و المستودع تقارير
Inventory Control Center,مخزون التحكم مركز
Inventory Controller,Inventory Controller
Inventory KPI Dashboard,لوحة مؤشرات المخزون
Inventory KPIs,مؤشرات المخزون
Inventory Low Stock Items,أصناف منخفضة المخزون
Inventory Reorder Needed,أصناف تحتاج إعادة طلب
Inventory Stock Items,أصناف المخزون
Inventory Valuation (GL),Inventory Valuation (GL)
Inventory Valuation Report,Inventory Valuation Report
Inventory Valuation Summary,Inventory Valuation Summary
Invoice,الفاتورة
Invoice chain (PIH / ICV),Invoice chain (PIH / ICV)
Invoice is already submitted.,الفاتورة هو بالفعل مُرسل.
Invoice Lifecycle,Invoice Lifecycle
Invoice not found.,لم يُعثر على الفاتورة
Invoice Type Code,رمز نوع الفاتورة
Invoices,الفواتير
IP Address,IP العنوان
IPC Certificate,IPC Certificate
IPC Summary,IPC Summary
IPSAS,IPSAS
IRRBB Assessment,IRRBB Assessment
Is Default,هو افتراضي
Is Head Office,Is Head Office
ISO Controls,ISO ضوابط
Issue Date,تاريخ الإصدار
Issue Log,سجل مشكلة
Issue Summary,ملخص مشكلة
Item,الصنف
Item & pricing (master),الصنف و تسعير (رئيسي)
Item (stock↔GL),الصنف (stock↔GL)
Item field Show in Retail POS is not installed. Run migrate on omnexa_core.,Item field Show in Retail POS is not installed. Run migrate on omnexa_core.
Item is not enabled for Retail POS.,الصنف هو لا مفعّل لـ تجزئة نقطة البيع.
Item is not enabled for sales.,الصنف هو لا مفعّل لـ مبيعات.
Item Master,الصنف رئيسي
Item not found.,لم يُعثر على الصنف
Item Profitability,Item Profitability
Item Stock Balance,الصنف مخزون الرصيد
Items (product master),أصناف (منتج رئيسي)
ITP,ITP
Job Applicant,Job Applicant
Journal Entry,قيد يومية
JSON array of app slugs manually hidden from the Desk apps launcher. Managed from ErpGenEx Marketplace.,JSON array of app slugs manually hidden from the Desk apps launcher. Managed from Erp Gen Ex Marketplace.
Jump to the **Agriculture** page.,انتقل إلى صفحة **الزراعة**.
Jump to the **Audit Portal** page.,انتقل إلى صفحة **تدقيق بوابة**.
Jump to the **Car Rental** page.,انتقل إلى صفحة **تأجير السيارات**.
Jump to the **CreditPulse** page.,Jump to the **Credit Pulse** page.
Jump to the **Education** page.,انتقل إلى صفحة **التعليم**.
Jump to the **ErpGenEx Marketplace** page.,Jump to the **Erp Gen Ex Marketplace** page.
Jump to the **Executive Dashboard** page.,انتقل إلى صفحة **لوحة المدير التنفيذية**.
Jump to the **FinanceCore** page.,انتقل إلى صفحة **مالية النواة**.
Jump to the **Nursery** page.,انتقل إلى صفحة **الحضانة الصفراء**.
Jump to the **Retail POS** page.,انتقل إلى صفحة **تجزئة نقطة البيع**.
Jump to the **RiskGuard** page.,Jump to the **Risk Guard** page.
Jump to the **Workcenter** page.,انتقل إلى صفحة **مركز العمل**.
Jurisdictions,Jurisdictions
Key Rotation Date,Key Rotation Date
Kit,Kit
Kitchen Display,Kitchen Display
Kitchen Print Job,Kitchen Print Job
Kitchen Print Job Register,Kitchen Print Job Register
Kitchen Print Template,Kitchen Print Template
Kitchen Print Template Register,Kitchen Print Template Register
Kitchen Printer,Kitchen Printer
Kitchen Printer Register,Kitchen Printer Register
Kitchen Station,Kitchen Station
Kitchen Station Register,Kitchen Station Register
Kitchen Ticket,Kitchen Ticket
Kitchen Ticket Register,Kitchen Ticket Register
Knowledge Base,Knowledge Base
KPI Snapshot,KPI لقطة
KPI Summary,ملخص KPI
Lab Panel Volume,حجم لوحات المختبر
Lab Reference Ranges,Lab Reference Ranges
Lab Rejection Rate,معدل رفض العينات
Lab Sample,مختبر عينة
Lab TAT Analysis,تحليل زمن دورة المختبر
Lab Test Panels,مختبر فحص لوحات
Lab Workbench,Lab Workbench
Label shown on Retail POS category tabs.,التسمية معروض في تجزئة نقطة البيع فئة تبويبات.
Land & project charter,الأرض وميثاق المشروع
Land Parcel,قطعة أرض
Land Parcel Register,سجل قطعة أرض
Landed Cost Voucher,Landed Cost Voucher
Landmark,Landmark
Language,اللغة
Laravel Sync Queue,Laravel Sync Queue
Laravel TLMS Integration,Laravel TLMS Integration
Last 7 Days,آخر 7 أيام
Last Month,الشهر الماضي
Last Seen Assets,Last Seen Assets
Last Week,الأسبوع الماضي
Late Fee Rule,متأخر رسوم قاعدة
Law Firm Register,سجل مكتب محاماة
Law Firms,Law Firms
Lawyer Desk,محام المكتب
Lawyer Profile Register,سجل ملف المحامي
Lawyer Profiles,Lawyer Profiles
LC Request,LC طلب
LC Request Item,LC طلب الصنف
Ld Board,Ld Board
LDAP Settings,إعدادات LDAP
Lead acquisition & qualification,اكتساب العملاء وتأهيلهم
Lead Time Analysis,عميل محتمل الوقت التحليل
Leads Management,عملاء محتملون إدارة
Lease Asset,إيجار أصل
Lease Contract,إيجار عقد
Lease Liability,إيجار التزام
LeaseMaster,إيجار رئيسي
Leasing & occupancy (IFRS 16 / IPSAS rent),التأجير والإشغال (IFRS 16 / IPSAS)
Leasing Executive,Leasing Executive
Leasing Finance,التمويل التأجيري
Leasing Finance Accounting Entry,Leasing Finance Accounting Entry
Leasing Finance Accounting Entry Register,Leasing Finance Accounting Entry Register
Leasing Finance Asset Register,Leasing Finance Asset Register
Leasing Finance Audit Snapshot,Leasing Finance Audit Snapshot
Leasing Finance Audit Snapshot Register,Leasing Finance Audit Snapshot Register
Leasing Finance Contract Register,Leasing Finance Contract Register
Leasing Finance Modification Log,Leasing Finance Modification Log
Leasing Finance Modification Log Register,Leasing Finance Modification Log Register
Leasing Finance Payment Register,Leasing Finance Payment Register
Leasing Finance Policy Version,Leasing Finance Policy Version
Leasing Finance Policy Version Register,Leasing Finance Policy Version Register
Leasing Finance Risk Snapshot,Leasing Finance Risk Snapshot
Leasing Finance Risk Snapshot Register,Leasing Finance Risk Snapshot Register
Leasing Finance Schedule Register,Leasing Finance Schedule Register
Leasing Mandate,تفويض تأجير
Leasing Portal,Leasing Portal
Leasing Revenue Forecast,Leasing Revenue Forecast
Leasing Template,Leasing Template
Leave Application,إجازة تطبيق
Leave Balance,إجازة الرصيد
Leave Policy,إجازة سياسة
Leave Summary,ملخص إجازة
Leave Type,نوع إجازة
Ledger Domain,دفتر النطاق
Legal,القانون
Legal Appointment Register,سجل موعد قانوني
Legal Appointment Summary,ملخص موعد قانوني
Legal Branch Register,سجل فرع قانوني
Legal Branches,القانون فروع
Legal Case Register,سجل قضية قانونية
Legal Cases,القانون قضايا
Legal Claim Statement,Legal Claim Statement
Legal Client Register,سجل عميل قانوني
Legal Clients,القانون عملاء
Legal Command Center,القانون أمر مركز
Legal Department,الإدارة القانونية
Legal Matter Summary,ملخص ملف قانوني
Legal Matters,Legal Matters
Legal Name,اسم القانون
Legal Offices,Legal Offices
Legal Pipeline,القانون مسار
Legal Settings,إعدادات القانون
Liabilities,التزامات
Library Book,Library Book
Library Loan,Library Loan
License,الترخيص
License activation is only supported for ErpGenEx marketplace apps.,License activation is only supported for Erp Gen Ex marketplace apps.
License for {0} expires in {1}. Renew before lock.,License for {0} expires in {1}. Renew before lock.
License key is required.,الترخيص مفتاح مطلوب
License key was not accepted: {0},الترخيص مفتاح كان لا مقبول : { 0 }
License months must be between 1 and 36.,يجب أن الترخيص أشهر يكون بين 1 و 36.
License Notice,الترخيص إشعار
License required,الترخيص مطلوب
Line item not found.,لم يُعثر على خط صنف
Linen Dashboard,Linen Dashboard
Linen Issue Batch,Linen Issue Batch
Linen Item,Linen Item
Linen Laundry Cycle,Linen Laundry Cycle
Linen Movement,Linen Movement
Linen Shortage Alert,Linen Shortage Alert
Liquidation Historical,Liquidation Historical
Liquidity Compliance,Liquidity Compliance
LIS Instruments,LIS Instruments
List,قائمة
Live,مباشر
Live Asset Tracking,مباشر أصل تتبع
Live Production,مباشر إنتاج
Livestock,Livestock
Livestock Animal Register,Livestock Animal Register
LMS Course Link,LMS Course Link
LMS Sync Status,LMS Sync Status
Load Test Reports,تحميل فحص تقارير
Loading...,جاري التحميل...
Local GAAP,Local GAAP
Location,الموقع
Login,تسجيل الدخول
Login required,تسجيل الدخول مطلوب
Logout,تسجيل الخروج
Logs,سجلات
Loss Event,خسارة حدث
Loss Event Trend,Loss Event Trend
Lottery Run,Lottery Run
Low Stock,منخفض مخزون
Low Stock Report,تقرير منخفض مخزون
Loyalty Tier,Loyalty Tier
LTV / DSTI Monitor,LTV / DSTI Monitor
LTV Monitor,LTV Monitor
Main,رئيسي
Maintenance,صيانة
Maintenance Core,صيانة النواة
Maintenance Cost,صيانة التكلفة
Maintenance Record,صيانة سجل
Maintenance Strategy,صيانة استراتيجية
Maintenance Work Order Register,سجل صيانة عمل أمر
Maintenance — service requests,الصيانة — طلبات الخدمة
Management Agreement,اتفاقية إدارة
Management Review,إدارة مراجعة
Manager approval is required for this journal entry amount.,مدير موافقة مطلوب لـ هذا يومية قيد المبلغ.
Manager approval is required for this payment amount.,مدير موافقة مطلوب لـ هذا الدفع المبلغ.
Mandatory,Mandatory
Manual,يدوي
Manual = user clicks Send · Live = send right after sign · Batch = hourly job sends Signed submissions (remote/HMAC only; USB agent still uses Live in browser),Manual = user clicks Send · Live = send right after sign · Batch = hourly job sends Signed submissions (remote/HMAC only; USB agent still uses Live in browser)
Manufacturing,التصنيع
Manufacturing BOM Item,Manufacturing BOM Item
Manufacturing BOM Register,Manufacturing BOM Register
Manufacturing Product Component,التصنيع منتج مكوّن
Manufacturing Product Profile Register,سجل التصنيع منتج الملف الشخصي
Manufacturing Quality Check Register,سجل التصنيع الجودة فحص
Manufacturing Rework Order Register,Manufacturing Rework Order Register
Manufacturing Routing Operation,التصنيع توجيه عملية
Manufacturing Routing Register,سجل التصنيع توجيه
Maps to the professional bilingual chart (account numbers 1101–5109). Use “Fill from CoA” on save or the Production demo button after generating the chart. Site-level Global Defaults (company/currency) stay in sync from this company when it is the primary entity.,Maps to the professional bilingual chart (account numbers 1101–5109). Use “Fill from Co A” on save or the Production demo button after generating the chart. Site-level Global Defaults (company/currency) stay in sync from this company when it is the primary entity.
MAR,MAR
MAR Compliance,MAR Compliance
Margin Summary,ملخص هامش
Marketplace,السوق
Marketplace webhook secret is not configured.,Marketplace webhook secret is not configured.
Master data,رئيسي بيانات
Master switch for optional sales/purchase chain checks below. Turn off to allow Sales Invoice without Delivery Note or Sales Order.,Master switch for optional sales/purchase chain checks below. Turn off to allow Sales Invoice without Delivery Note or Sales Order.
Material / stock requests,مادة / سهم طلبات
Material Approval,مادة موافقة
Material Consumption,Material Consumption
Material Entry,مادة قيد
Material vs BOQ,مادة vs جدول الكميات
Medical Device,Medical Device
Medical File,الملف الطبي
Medical Register,سجل طبي
Medical Tourism,طبي السياحة
Medication Dispense,Medication Dispense
Medication Requests,دواء طلبات
Medications,Medications
Menu,القائمة
Menu Category,القائمة الفئة
Menu Category Register,سجل القائمة الفئة
Menu Item,القائمة الصنف
Menu Item Register,سجل القائمة الصنف
Message,رسالة
Metadata Fields to Capture,Metadata Fields to Capture
Micro Case,Micro Case
Micro Executive,Micro Executive
MicroCapital,Micro Capital
Microfinance Case Register,Microfinance Case Register
MIDP,MIDP
Milestone,معلم
Milestone Summary,ملخص معلم
Missing Assets,أصول مفقود
Missing Linen,Missing Linen
Missing required field: {0},مطلوب حقل: {0} مفقود
Mobile Device Token,رمز الجهاز المحمول
Mobile Devices,Mobile Devices
Mode of Payment,وضع من السداد
Model change must move to a different version.,Model change must move to a different version.
"Model key, from/to version, and rollback version are required.","نموذج مفتاح, من/إلى إصدار, و تراجع إصدار مطلوبة"
Model Validation,نموذج التحقق
Models,Models
Module,وحدة
Module Def,Module Def
Module Onboarding,وحدة انضمام
Module Profile,وحدة الملف الشخصي
Module slug is required,Module slug is required
Modules,الوحدات
Modules Installed,الوحدات المُثبَّت
Monitoring & Settings,إعدادات مراقبة &
More,المزيد
Morgue Case,Morgue Case
Morgue Desk,Morgue Desk
Mortgage Case,Mortgage Case
Mortgage Executive,Mortgage Executive
Mortgage Finance,التمويل العقاري
Mortgage Finance Audit Snapshot,Mortgage Finance Audit Snapshot
Mortgage Finance Audit Snapshot Register,Mortgage Finance Audit Snapshot Register
Mortgage Finance Case Register,Mortgage Finance Case Register
Mortgage Finance Governance,Mortgage Finance Governance
Mortgage Finance Insurance Policy,Mortgage Finance Insurance Policy
Mortgage Finance Insurance Policy Register,Mortgage Finance Insurance Policy Register
Mortgage Finance Legal Case,Mortgage Finance Legal Case
Mortgage Finance Legal Case Register,Mortgage Finance Legal Case Register
Mortgage Finance Policy Version,Mortgage Finance Policy Version
Mortgage Finance Policy Version Register,Mortgage Finance Policy Version Register
Mortgage Finance Property Registry,Mortgage Finance Property Registry
Mortgage Finance Property Registry Register,Mortgage Finance Property Registry Register
Mortgage Finance Repayment Schedule,Mortgage Finance Repayment Schedule
Mortgage Finance Repayment Schedule Register,Mortgage Finance Repayment Schedule Register
Mortgage Finance Valuation Register,Mortgage Finance Valuation Register
Mortgage Portal,Mortgage Portal
Movement,Movement
Movement Log,Movement Log
My Grades,My Grades
My Timetable,My Timetable
My work,عملي
N/A,N/A
Name,الاسم
National ID Number,وطني المعرّف الرقم
Navbar Settings,Navbar Settings
NBV by Category,NBV by Category
NCR,NCR
NCR Aging,NCR Aging
"Negative stock prevented for item {0}. Available={1}, Required={2}","Negative stock prevented for item {0}. Available={1}, Required={2}"
New,جديد
New Project (Wizard),جديد مشروع (معالج)
Newsletter,نشرة
NFC,NFC
NII / EVE Sensitivity,NII / EVE Sensitivity
No,لا
No attachments,لا مرفقات
No Branch found for {0}. Create a Branch or set your user Branch default.,لا الفرع وُجد لـ {0}. أنشئ a الفرع أو تعيين الخاص بك مستخدم الفرع افتراضي.
No branch is assigned to your user. Ask an administrator to set up User Branch Access.,No branch is assigned to your user. Ask an administrator to set up User Branch Access.
"No Company found. Create a Company first, or set Global Defaults → default company.","No Company found. Create a Company first, or set Global Defaults → default company."
No data provided.,No data provided.
no data yet,no data yet
No main company found on site.,لا رئيسي الشركة وُجد في موقع .
No Script Reports — infrastructure / theme app (waived),No Script Reports — infrastructure / theme app (waived)
No version history,لا إصدار السجل
None,لا شيء
Not Allowed,Not Allowed
Not permitted,Not permitted
Note,ملاحظة
Notes,ملاحظات
Notes to Financial Statements,Notes to Financial Statements
Notification,إشعار
Notification Settings,إعدادات إشعار
Notification Webhook Secret,Notification Webhook Secret
Notifications,الإشعارات
NPHIES Bundle,NPHIES حزمة
NPL Summary,NPL Summary
Number Card,بطاقة رقمية
Nursery,الحضانة الصفراء
Nursing Care Plan,Nursing Care Plan
Nursing Chart,Nursing Chart
Nursing Incident Report,Nursing Incident Report
Nursing Observation Summary,Nursing Observation Summary
Nursing Portal,Nursing Portal
Nursing Shift Handover,Nursing Shift Handover
OAuth Client,OAuth العميل
OAuth Provider Settings,إعدادات OAuth المزود
Observation,Observation
Observation Gaps,Observation Gaps
Observations,Observations
Observations / Vitals,Observations / Vitals
Occupancy,الإشغال
Occurred At,Occurred At
OCR Providers,OCR Providers
OEE Overview,OEE Overview
of,من
Official Transcript,رسمي النص
Omnexa Accounting Settings,إعدادات محاسبة Omnexa
Omnexa Agriculture Document Summary,ملخص Omnexa الزراعة مستند
Omnexa ALM Document Summary,ملخص Omnexa إدارة الأصول والخصوم مستند
Omnexa Consumer Finance Document Summary,ملخص Omnexa مستهلك مالية مستند
Omnexa Core Settings,Omnexa Core الإعدادات
Omnexa Credit Engine Document Summary,Omnexa Credit Engine Document Summary
Omnexa Credit Risk Document Summary,ملخص Omnexa دائن مخاطر مستند
Omnexa Customer Core Document Summary,ملخص Omnexa العميل النواة مستند
Omnexa Einvoice Document Summary,Omnexa Einvoice Document Summary
Omnexa Factoring Document Summary,ملخص Omnexa التخصيم مستند
Omnexa Finance Engine Document Summary,Omnexa Finance Engine Document Summary
Omnexa Leasing Finance Document Summary,Omnexa Leasing Finance Document Summary
Omnexa Marketplace Settings,إعدادات سوق Omnexa
Omnexa Mortgage Finance Document Summary,Omnexa Mortgage Finance Document Summary
Omnexa Operational Risk Document Summary,Omnexa Operational Risk Document Summary
Omnexa Purchase Settings,إعدادات مشتريات Omnexa
Omnexa Sales Settings,إعدادات مبيعات Omnexa
Omnexa Settings,إعدادات Omnexa
Omnexa SME Microfinance Activity Register,Omnexa SME Microfinance Activity Register
Omnexa SME Microfinance Compliance Snapshot,Omnexa SME Microfinance Compliance Snapshot
Omnexa SME Microfinance Document Summary,Omnexa SME Microfinance Document Summary
Omnexa SME Microfinance Status Overview,Omnexa SME Microfinance Status Overview
Omnexa SME Retail Finance Document Summary,Omnexa SME Retail Finance Document Summary
Omnexa Stock Settings,إعدادات مخزون Omnexa
omnexa_accounting is required for this command.,omnexa_accounting is required for this command.
One DocType per line. Used when shared null-branch masters is enabled.,One Doc Type per line. Used when shared null-branch masters is enabled.
Online Application,متصل تطبيق
Online Booking Desk,متصل حجز المكتب
Online Booking Request,متصل حجز طلب
Only Administrator can run full branch wipe.,Only Administrator can run full branch wipe.
Only administrators can change company/branch view.,Only administrators can change company/branch view.
Only ErpGenEx marketplace apps support this action.,Only Erp Gen Ex marketplace apps support this action.
Only licensed ErpGenEx marketplace apps support activation keys.,Only licensed Erp Gen Ex marketplace apps support activation keys.
Only one head office branch is allowed per company.,Only one head office branch is allowed per company.
Only System Manager can run full company wipe.,Only System Manager can run full company wipe.
Only System Manager or Administrator can run site purge.,فقط النظام مدير أو المسؤول يمكن تشغيل موقع تطهير.
Open,مفتوح
Open Agriculture,فتح الزراعة
Open Audit Portal,فتح تدقيق بوابة
Open Car Rental,Open Car Rental
Open CreditPulse,Open Credit Pulse
Open Education,فتح التعليم
Open ErpGenEx Marketplace,Open Erp Gen Ex Marketplace
Open Executive Dashboard,لوحة فتح تنفيذي
Open FinanceCore,فتح مالية النواة
Open Items,فتح أصناف
Open Nursery,فتح الحضانة الصفراء
Open Purchase Order Lines,فتح شراء أمر البنود
Open report Compliance Exceptions Dashboard,فتح تقرير لوحة استثناءات الامتثال
Open report Finance Control Exceptions,فتح تقرير استثناءات الضوابط المالية
Open report Inventory KPI Dashboard,فتح تقرير لوحة مؤشرات المخزون
Open Retail POS,فتح تجزئة نقطة البيع
Open RiskGuard,Open Risk Guard
Open Workcenter,فتح مركز العمل
Open Workspace,فتح مساحة العمل
Opening/Closing journals require Accounts Manager approval role.,Opening/Closing journals require Accounts Manager approval role.
Operating Room,Operating Room
Operating Scenarios,سيناريوهات التشغيل
Operation Model,عملية نموذج
Operational Audit Issue Register,Operational Audit Issue Register
Operational Compliance Mapping Register,Operational Compliance Mapping Register
Operational Escalation Matrix Register,Operational Escalation Matrix Register
Operational External Ingestion Event Register,Operational External Ingestion Event Register
Operational Loss Event Register,Operational Loss Event Register
Operational RCA Playbook Register,Operational RCA Playbook Register
Operational Risk,المخاطر التشغيلية
Operational Risk Audit Snapshot,Operational Risk Audit Snapshot
Operational Risk Audit Snapshot Register,Operational Risk Audit Snapshot Register
Operational Risk Control Register,Operational Risk Control Register
Operational Risk Governance,Operational Risk Governance
Operational Risk Incident Register,Operational Risk Incident Register
Operational Risk Policy Version Register,Operational Risk Policy Version Register
Operations,عمليات
Operations Desk,عمليات المكتب
Operations Director,عمليات مدير
Opinion Draft,رأي مسودة
Opportunities,Opportunities
OpRisk,Op مخاطر
Optional default operating bank GL for fast-entry screens (company policies may override).,Optional default operating bank GL for fast-entry screens (company policies may override).
Optional default Tax Rule for purchase documents (company-specific policies may override).,Optional default Tax Rule for purchase documents (company-specific policies may override).
Optional default Tax Rule for sales documents (company-specific policies may override).,Optional default Tax Rule for sales documents (company-specific policies may override).
Optometry Desk,Optometry Desk
OR Utilization,أو استخدام
Orders,الطلبات
Orders & Requests,الطلبات و طلبات
Organization,منظمة
Organization Name (AR),منظمة الاسم (AR)
Organization Name (EN),منظمة الاسم (EN)
Organization Unit (EGS branch),Organization Unit (EGS branch)
Organized by Business Category,Organized by Business Category
Origination Portal,Origination Portal
Orthodontics,تقويم الأسنان
os,os
OSHA Site Checklist,OSHA Site Checklist
Ot Board,Ot Board
OT Consumable Usage,OT Consumable Usage
OT Consumables,OT Consumables
OTA Channel,OTA Channel
Other,أخرى
Outcome Distribution,Outcome Distribution
Output & Yield,مخرجات و عائد
Overdue,متأخر
Overview,نظرة عامة
Owner,المالك
Owner reporting & trust accounting,تقارير الملاك والحسابات الائتمانية
Owner Statement,كشف حساب المالك
P&L,P&L
Package,حزمة
Package Booking,حزمة حجز
Package Import,حزمة استيراد
Package Profitability,Package Profitability
Packages,حزم
PACS Endpoints,PACS Endpoints
Page,صفحة
Paid Amount must be greater than zero.,Paid Amount must be greater than zero.
Paper Approved,Paper Approved
Paper Approved By,Paper Approved By
Paper Approved On,Paper Approved On
Par Levels,Par Levels
PAR Monitor,PAR Monitor
Paralegal Desk,Paralegal Desk
Parent,أب
Parent Branch,أب الفرع
Parent Branch cannot be the same as branch.,Parent Branch cannot be the same as branch.
Parent Branch must belong to the same company.,يجب أن ينتمي أب الفرع لنفس الشركة.
Parent Company,أب الشركة
Parent Company cannot be the same as the company.,Parent Company cannot be the same as the company.
Parent Directory,Parent Directory
Parent Portal,أب بوابة
Parent Portal (PWA),أب بوابة (PWA)
Partner Contribution,Partner Contribution
Partner Debt Statement,Partner Debt Statement
Partner Loss Allocation,شريك خسارة تخصيص
Partner Recovery,شريك استرداد
Patient,المريض
Patient Cohorts,Patient Cohorts
Patient Consent,Patient Consent
Patient Copay Summary,Patient Copay Summary
Patient Coverage,Patient Coverage
Patient Dependents,Patient Dependents
Patient Erasure Request,Patient Erasure Request
Patient ERP Accounts,المريض ERP حسابات
Patient Invoices,المريض الفواتير
Patient Journey Wizard,معالج رحلة المريض
Patient Medical File,المريض طبي ملف
Patient Merge Log,سجل المريض دمج
Patient Mobile,المريض الجوال
Patient Payment Checkout,المريض السداد الدفع
Patient Payments,Patient Payments
Patient Portal,بوابة المريض
Patient Portal Journey,بوابة المريض — الرحلة
Patients,مرضى
Patients Desk,مرضى المكتب
Payables Aging,Payables Aging
Payer,دافع
Payer Aging,أعمار جهات التأمين
Payload,Payload
Payload Hash,Payload Hash
Payment,السداد
Payment & channels,Payment & channels
Payment Entry,سند قبض/صرف
Payment Intent,نية الدفع
Payment Plan Item,بند خطة السداد
Payments,Payments
Payroll Entry,رواتب قيد
Payroll Register,سجل رواتب
Payroll Run,رواتب تشغيل
Payroll Settings,إعدادات رواتب
Peak Count,Peak Count
PENDING,قيد الانتظار
Pending,قيد الانتظار
Pending Imaging Orders,Pending Imaging Orders
Pending Lab Samples,عينات مختبر معلقة
Pending Orders Report,تقرير قيد الانتظار الطلبات
Pending Review,قيد الانتظار مراجعة
Pending Upload,قيد الانتظار رفع
PENDING_APPROVAL,قيد الموافقة
Penetration Tests,Penetration Tests
Peppol Sender Participant ID,Peppol Sender Participant ID
Period,الفترة
Permissions,صلاحيات
Permit Milestone,معلم التصريح
Permit to Work,السماح إلى عمل
Permitted Documents For User,Permitted Documents For User
Pharma Batch,صيدلة دفعة
Pharma Drug Alternative,Pharma Drug Alternative
Pharma Drug Pricing History,سجل صيدلة دواء الأسعار
Pharma Import LC Item,صيدلة استيراد LC الصنف
Pharma LC Request,صيدلة LC طلب
Pharma LC Request Item,صيدلة LC طلب الصنف
Pharmaceutical Trading (تجارة وتوزيع الأدوية),Pharmaceutical Trading (تجارة وتوزيع الأدوية)
Pharmacy Delivery,صيدلية تسليم
Pharmacy Desk,صيدلية المكتب
Pharmacy Rx Verify,صيدلية Rx تحقق
Pharmacy Stock Below Par,مخزون صيدلية دون الحد الأدنى
Phase 1,مرحلة 1
Phase 2,مرحلة 2
PHI Audit Log,سجل PHI تدقيق
Physician GL Postings,Physician GL Postings
Physician Ledger,الطبيب دفتر
Physician Mobile,الطبيب الجوال
Physician Settlements,Physician Settlements
Physician Workbench,منصة الطبيب
pilot_code is required,pilot_code is required
Pipeline,مسار
Pipeline Conversion Report,تقرير مسار تحويل
Pipeline Funnel,Pipeline Funnel
Pipeline Lead,مسار عميل محتمل
Pipeline Opportunity,مسار فرصة
Pipeline value,مسار القيمة
Platform & Administration,المنصة والإدارة
Plot Unit,قطعة الوحدة
PM Baseline Snapshot Register,سجل م خط أساس لقطة
PM Change Request Register,PM Change Request Register
PM Issue Log Register,سجل سجل م مشكلة
PM KPI Snapshot Register,سجل م KPI لقطة
PM Milestone,م معلم
PM Milestone Register,سجل م معلم
PM Program,م برنامج
PM Program Project child,م برنامج مشروع فرعي
PM Program Register,سجل م برنامج
PM Resource Assignment Register,PM Resource Assignment Register
PM Schedule,م جدولة
PM Schedule (Gantt),PM Schedule (Gantt)
PM Stakeholder Register Register,PM Stakeholder Register Register
PM Task Dependency,PM Task Dependency
PM WBS Task,PM WBS Task
PMC Lease Liability Schedule,جدول التزام الإيجار IFRS 16
PMC Leasing Mandate,تفويض تأجير
PMC Leasing Mandate Register,سجل تفويض تأجير
PMC Management Agreement,اتفاقية إدارة
PMC Management Agreement Register,سجل اتفاقية إدارة
PMC Management Fee Summary,ملخص رسوم الإدارة
PMC Occupancy Summary,ملخص الإشغال
PMC Owner Statement,كشف حساب المالك
PMC Owner Statement Register,سجل كشوف الملاك
PMC Property,عقار
PMC Property Register,سجل عقار
PMC Property Unit,وحدة عقارية
PMC Property Unit Register,سجل وحدة عقارية
PMC Rent Aging,أعمار الإيجارات
PMC Rent Billing Register,سجل فوترة الإيجار
PMC Rent Roll,سجل الإيجارات
PMC Rental Contract Register,سجل عقود الإيجار
Point of Sale Invoices,نقطة من بيع الفواتير
Pointer to secret manager / vault — never store private keys in the database,Pointer to secret manager / vault — never store private keys in the database
Policies Total,سياسات الإجمالي
Policy Approval Status,حالة سياسة موافقة
Policy Renewal Forecast,Policy Renewal Forecast
Policy Version,سياسة إصدار
Policy Versions,Policy Versions
Portal,بوابة
Portal Message,بوابة رسالة
Portal Settings,إعدادات بوابة
Portfolio,محفظة
Portfolio & asset registry,المحفظة وسجل الأصول
Portfolio Cluster,Portfolio Cluster
Portfolio Dashboard,لوحة محفظة
Portfolio Mix,Portfolio Mix
Portfolio Report,تقرير محفظة
POS,نقطة البيع
POS Device Serial,POS Device Serial
POS Label,نقطة البيع التسمية
POS Model Framework,نقطة البيع نموذج إطار
POS OS Version Header,نقطة البيع OS إصدار رأس
POS Pre-Shared Key,POS Pre-Shared Key
POS Profile,نقطة البيع الملف الشخصي
POS Sales Summary,ملخص نقطة البيع مبيعات
POS Serial,نقطة البيع تسلسلي
POS Z Reconciliation,نقطة البيع Z تسوية
Position Snapshot,منصب لقطة
Postal Code,رمز بريدي
Posting,ترحيل
Power of Attorney,Power of Attorney
Practice Areas,Practice Areas
Practice Manager,Practice Manager
Practitioner,Practitioner
Practitioner Appointment Utilization,Practitioner Appointment Utilization
Practitioner Roster,Practitioner Roster
Practitioner Roster Summary,Practitioner Roster Summary
Pre-Op Checklist,Pre-Op Checklist
Predictive Alert,Predictive Alert
Predictive Analytics,Predictive Analytics
Prefer FEFO (first-expiry-first-out) selection where expiry is tracked (best-effort; depends on transaction UIs).,Prefer FEFO (first-expiry-first-out) selection where expiry is tracked (best-effort; depends on transaction UIs).
Prefer FEFO for expiring items,Prefer FEFO for expiring items
Prepared by,Prepared by
preprod,preprod
Preschool,Preschool
Prescription Signatures,Prescription Signatures
Preventive Care Plans,Preventive Care Plans
Preventive Schedule,Preventive Schedule
Previous Invoice Hash (PIH),Previous Invoice Hash (PIH)
Price cannot be negative.,Price cannot be negative.
Pricing Rule,الأسعار قاعدة
"Primary reporting basis for disclosure packs, KPI taxonomy, and default account mapping guidance (IFRS / local GAAP may both be configured in parallel at document level).","Primary reporting basis for disclosure packs, KPI taxonomy, and default account mapping guidance (IFRS / local GAAP may both be configured in parallel at document level)."
Print Format,طباعة تنسيق
Print Format Builder,Print Format Builder
Print Format Builder (New),Print Format Builder (جديد)
Print Heading,Print Heading
Print HTML,طباعة HTML
Print Settings,إعدادات طباعة
Printed at,مطبوع في
Printed on,مطبوع في
Printing,Printing
Prior Auth Pending,موافقات مسبقة معلقة
Prior Authorization,Prior Authorization
Procedure Execution,إجراء التنفيذ
Procedure Management,إجراء إدارة
Procedure Order,إجراء أمر
Procedure Revenue,إجراء الإيراد
Procedures,Procedures
Processed,مُعالج
Processing Status,حالة قيد المعالجة
prod,prod
prod = live ETA (id.eta.gov.eg). Use production POS Client ID/Secret from invoicing.eta.gov.eg only.,prod = live ETA (id.eta.gov.eg). Use production POS Client ID/Secret from invoicing.eta.gov.eg only.
Product Profile,منتج الملف الشخصي
Product Recall,Product Recall
Product Type,نوع منتج
Product Type Register,سجل نوع منتج
Production,إنتاج
production,إنتاج
Production (prod): use windows. Preprod: use os.,Production (prod): use windows. Preprod: use os.
Production CSID Secret,إنتاج CSID سري
Production CSID Token,إنتاج CSID رمز
Production Log,سجل إنتاج
Production Log Register,سجل سجل إنتاج
Production Seed Log,سجل إنتاج بذرة
Profile,الملف الشخصي
Profile Name,اسم الملف الشخصي
Profit and Loss,الأرباح والخسائر
Program,برنامج
Project Contract,مشروع عقد
Project EV,القيمة المكتسبة للمشروع
Project Profitability,Project Profitability
Project Risk Register,سجل مشروع مخاطر
Project Template,مشروع قالب
Project WIP Snapshot,Project WIP Snapshot
Projected,Projected
Projects,مشاريع
projects,مشاريع
Projects & Services,المشاريع والخدمات
Projects PM,إدارة المشاريع
Prompt blocked by AI safety policy (possible prompt injection).,Prompt blocked by AI safety policy (possible prompt injection).
Property,عقار
Property Management,إدارة العقارات
Property Sales Booking Register,سجل حجوزات البيع
Property Sales Lead,عميل مبيعات عقارية
Property Sales Lead Register,سجل عميل مبيعات عقارية
Provider,المزود
provider and event_id are required.,مزود و حدث المعرّف مطلوبة
Provisioning,التجهيز
Provisioning Request,طلب التجهيز
PSP amount must be greater than zero.,PSP amount must be greater than zero.
PTW Register,PTW Register
Public Key (base64),Public Key (base64)
Publish a catalog item,Publish a catalog item
Pull current branch (fast-forward when possible),Pull current branch (fast-forward when possible)
Punch Log,Punch Log
Purchase Approval Rule,شراء موافقة قاعدة
Purchase approval rules,شراء موافقة قواعد
Purchase Budget,شراء ميزانية
Purchase Cost Analysis,شراء التكلفة التحليل
Purchase Delivery Performance,شراء تسليم أداء
Purchase Invoice,فاتورة شراء
Purchase Invoice Settings,إعدادات فاتورة شراء
Purchase Invoices,شراء الفواتير
Purchase Order,شراء أمر
Purchase Orders,شراء الطلبات
Purchase Quotation,شراء عرض سعر
Purchase Quotation Comparison,Purchase Quotation Comparison
Purchase Receipt,إيصال استلام المشتريات
Purchase Receipt DocType not available.,Purchase Receipt Doc Type not available.
Purchase Register,سجل المشتريات
Purchase Request,شراء طلب
Purchase Requests,شراء طلبات
Purchase Settings,إعدادات شراء
Purchase Summary Report,تقرير ملخص شراء
Push Notification Settings,Push Notification Settings
Push Notifications,Push Notifications
QA & Accreditation Desk,QA & Accreditation Desk
QC Log,سجل QC
QS Measurement,QS Measurement
Quality CAPA,الجودة CAPA
Quality Check,الجودة فحص
Quality Inspection,الجودة فحص
Quality Manager,الجودة مدير
Quality QHSE Summary,ملخص الجودة QHSE
Quantity must be greater than zero.,Quantity must be greater than zero.
Queue Board,Queue Board
Queued,في الانتظار
Quotation comparison,Quotation comparison
Quotations,Quotations
Radiology By Modality,Radiology By Modality
Radiology CAD,Radiology CAD
Radiology Procedure,Radiology Procedure
Radiology TAT,زمن دورة الأشعة
Radiology Templates,Radiology Templates
Radiology Worklist,Radiology Worklist
Rate Plan,السعر الخطة
Raw Material,Raw Material
RCA Playbook,RCA Playbook
RCM Workcenter,مركز إدارة الإيرادات
RE BOQ,جدول كميات التطوير
RE BOQ Register,سجل جدول كميات التطوير
RE Development,التطوير العقاري
RE Handover Package,حزمة التسليم
RE Handover Package Register,سجل حزمة التسليم
RE Marketing,التسويق العقاري
RE Permit Milestone,معلم التصريح
RE Permit Milestone Register,سجل معلم التصريح
RE Project EV,القيمة المكتسبة للمشروع
RE Subcontract Commitment,التزام مقاول باطن
RE Subcontract Commitment Register,سجل التزام مقاول باطن
RE Unit Inventory,مخزون وحدات التطوير
RE unit inventory (sales),مخزون وحدات البيع
RE Unit Inventory Overview,نظرة عامة على مخزون الوحدات
RE Unit Inventory Register,سجل مخزون وحدات التطوير
Real Estate,العقارات
Reason Codes,Reason Codes
Rebuild Activity Demo Companies,Rebuild Activity Demo Companies
Receivables Aging,Receivables Aging
Receivables and DSO,Receivables and DSO
Received,مستلم
Receiving,Receiving
Recent Activities,Recent Activities
Reception Desk,مكتب الاستقبال
Recipe,Recipe
Record a payment intent,سجل a الدفع نية
Records Created,سجلات تاريخ الإنشاء
Records Deleted,سجلات حُذف
Records Updated,سجلات حُدّث
Recovery Pipeline,استرداد مسار
Recruitment Pipeline,توظيف مسار
Recruitment Request,توظيف طلب
Ref DocType,Ref Doc Type
Reference,المرجع
Reference DocType,Reference Doc Type
Reference Name,اسم المرجع
reference_name is required for e-invoice dispatch.,reference_name is required for e-invoice dispatch.
References,المراجع
Refresh,تحديث
Regional Cost Factor,Regional Cost Factor
Registrar Desk,Registrar Desk
Registration Requests,تسجيل طلبات
Registry Index,سجل مؤشر
Regulatory Approval,تنظيمي موافقة
Regulatory Officer,تنظيمي مسؤول
Rehab Des,Rehab Des
Rehab Desk,Rehab Desk
REJECTED,مرفوض
Rejected,مرفوض
Rejection Reason,سبب الرفض
Related Parties,Related Parties
Reliability by Class,Reliability by Class
Reliability KPIs,Reliability KPIs
Reliability Report,Reliability Report
Reload,إعادة تحميل
Remarks,ملاحظات
Remarks are required for Opening/Closing journal entries.,Remarks are required for Opening/Closing journal entries.
remote,بعيد
remote = test HMAC · signing_agent = HTTP agent on PC with USB token · windows_app = CLI signer,remote = test HMAC · signing_agent = HTTP agent on PC with USB token · windows_app = CLI signer
Remote Monitoring Device,Remote Monitoring Device
Rent Aging,أعمار الإيجارات
Rent billing register,سجل فوترة الإيجار
Rent Billing Run,تشغيل فوترة الإيجار
Rent Billing Run Register,سجل تشغيل فوترة الإيجار
Rent Roll,سجل الإيجارات
Rental Booking,تأجير حجز
Rental Booking Register,سجل تأجير حجز
Rental Contract,عقد إيجار
Rental Contract Approval Register,سجل تأجير عقد موافقة
Rental Contract Register,سجل عقد إيجار
Rental contract register,سجل عقود الإيجار
Rental Contract Signature Register,سجل تأجير عقد التوقيع
Rental Contract Version Register,سجل تأجير عقد إصدار
Rental Corporate Account Register,سجل تأجير مؤسسي حساب
Rental Country Pack Register,Rental Country Pack Register
Rental CRM Campaign Register,سجل تأجير إدارة العملاء حملة
Rental Customer Blacklist Register,Rental Customer Blacklist Register
Rental Customer Wallet Register,Rental Customer Wallet Register
Rental Downtime SLA Register,Rental Downtime SLA Register
Rental DR Runbook Register,Rental DR Runbook Register
Rental Driver,تأجير سائق
Rental Driver Register,سجل تأجير سائق
Rental Driver Training Register,سجل تأجير سائق تدريب
Rental Escalation Rule Register,Rental Escalation Rule Register
Rental Mobile Device Token,Rental Mobile Device Token
Rental Station,Rental Station
Rep Target Tracking,Rep Target Tracking
Repayment Schedule,Repayment Schedule
Replacement Forecast Report,Replacement Forecast Report
Report,تقرير
Report Card,تقرير بطاقة
Reporting framework,تقارير إطار
Reporting framework (international),تقارير إطار (دولي)
Reports · setup & compliance audit,تقارير · إعداد و امتثال تدقيق
Repricing Risk,Repricing Risk
Require approval for Journal Entry,Require approval for Journal Entry
Require approval for Payment Entry,Require approval for Payment Entry
Require credit terms for credit sales,Require credit terms for credit sales
Require Delivery Note for stock items (Sales Invoice),يتطلب إشعار تسليم لأصناف المخزون (فاتورة مبيعات)
Require Delivery Note for stock Sales Invoice,Require Delivery Note for stock Sales Invoice
Require e-Invoice before Sales Invoice Submit,Require e-Invoice before Sales Invoice Submit
Require Goods Receipt for stock Purchase Invoice,Require Goods Receipt for stock Purchase Invoice
Require Sales Order on Sales Invoice,Require Sales طلب on Sales فاتورة
Require supplier terms for credit purchases,Require supplier terms for credit purchases
Required modules not installed: {0},مطلوب وحدات لا مُثبَّت: {0}
Reservation register,سجل الحجوزات
Reservations & unit holds,الحجوزات وحجز الوحدات
Reserve capacity against bookable resources without double-booking.,Reserve capacity against bookable resources without double-booking.
Residential Unit,سكني الوحدة
Residual Exposure,Residual Exposure
Resolved from Country Code (read-only).,محلول من الدولة الرمز (قراءة فقط).
Resource Assignment,Resource Assignment
Resource Loading,مورد تحميل
Response Body,استجابة محتوى
Restaurant,المطاعم
Restaurant Offer,Restaurant Offer
Restaurant Order,المطاعم أمر
Restaurant POS,المطاعم نقطة البيع
Restaurant Reservation,المطاعم حجز
Resync COA labels (names from template),Resync COA labels (names from template)
Retail POS,تجزئة نقطة البيع
RetailLend,Retail Lend
Retention Release,احتفاظ إصدار
Retention Risk Alerts,احتفاظ مخاطر تنبيهات
Retry Attempt,Retry Attempt
"Return here for shortcuts, charts, and lists for **Admin**.",ارجع هنا للاختصارات والمخططات والقوائم لـ **المسؤول**.
"Return here for shortcuts, charts, and lists for **AI & Intelligence**.",ارجع هنا للاختصارات والمخططات والقوائم لـ **الذكاء الاصطناعي والتحليلات**.
"Return here for shortcuts, charts, and lists for **Audit & Compliance**.",ارجع هنا للاختصارات والمخططات والقوائم لـ **التدقيق والامتثال**.
"Return here for shortcuts, charts, and lists for **Audit**.",ارجع هنا للاختصارات والمخططات والقوائم لـ **تدقيق**.
"Return here for shortcuts, charts, and lists for **Buy**.",ارجع هنا للاختصارات والمخططات والقوائم لـ **المشتريات**.
"Return here for shortcuts, charts, and lists for **Construction & Engineering**.",ارجع هنا للاختصارات والمخططات والقوائم لـ **المقاولات والهندسة**.
"Return here for shortcuts, charts, and lists for **Core ERP**.",ارجع هنا للاختصارات والمخططات والقوائم لـ **ERP الأساسي**.
"Return here for shortcuts, charts, and lists for **Dashboard**.",ارجع هنا للاختصارات والمخططات والقوائم لـ **لوحة المعلومات**.
"Return here for shortcuts, charts, and lists for **Documents & Integration**.",ارجع هنا للاختصارات والمخططات والقوائم لـ **المستندات والتكامل**.
"Return here for shortcuts, charts, and lists for **Finance Group**.",ارجع هنا للاختصارات والمخططات والقوائم لـ **المجموعة المالية**.
"Return here for shortcuts, charts, and lists for **Governance**.",ارجع هنا للاختصارات والمخططات والقوائم لـ **الحوكمة**.
"Return here for shortcuts, charts, and lists for **Industry Solutions**.",ارجع هنا للاختصارات والمخططات والقوائم لـ **حلول القطاعات**.
"Return here for shortcuts, charts, and lists for **Integrations**.","Return here for shortcuts, charts, and lists for **Integrations**."
"Return here for shortcuts, charts, and lists for **Marketplace**.",ارجع هنا للاختصارات والمخططات والقوائم لـ **السوق**.
"Return here for shortcuts, charts, and lists for **Platform & Administration**.",ارجع هنا للاختصارات والمخططات والقوائم لـ **المنصة والإدارة**.
"Return here for shortcuts, charts, and lists for **Projects & Services**.",ارجع هنا للاختصارات والمخططات والقوائم لـ **المشاريع والخدمات**.
"Return here for shortcuts, charts, and lists for **Real Estate**.",ارجع هنا للاختصارات والمخططات والقوائم لـ **العقارات**.
"Return here for shortcuts, charts, and lists for **Sell**.",ارجع هنا للاختصارات والمخططات والقوائم لـ **المبيعات**.
"Return here for shortcuts, charts, and lists for **Settings**.",ارجع هنا للاختصارات والمخططات والقوائم لـ **الإعدادات**.
"Return here for shortcuts, charts, and lists for **Stock**.",ارجع هنا للاختصارات والمخططات والقوائم لـ **مخزون**.
"Return here for shortcuts, charts, and lists for **Trading & Manufacturing**.",ارجع هنا للاختصارات والمخططات والقوائم لـ **التجارة والتصنيع**.
Revaluation,Revaluation
Revenue Analysis,الإيراد التحليل
Revenue Analysis Report,تقرير الإيراد التحليل
Revenue By Specialty,Revenue By Specialty
Revenue per Vehicle,Revenue per Vehicle
Revenue Recognition,الإيراد تقدير
Revenue Summary,ملخص الإيراد
Review,مراجعة
Review order-to-cash pipeline,مراجعة أمر إلى نقد مسار
Review pending items in {0},مراجعة قيد الانتظار أصناف في {0}
Reviewed by,Reviewed by
Rework Analysis,Rework Analysis
Rework Order,Rework Order
RFI,RFI
RFID,RFID
RFID Gateway,RFID بوابة
RFID Reader,RFID Reader
RFID Scan Log,RFID Scan Log
RFQ Bid Tabulation,RFQ Bid Tabulation
RIBA Coverage,RIBA Coverage
RIBA Register,RIBA Register
RIN,RIN
Risk,مخاطر
Risk Assessment,مخاطر تقييم
Risk Control,مخاطر التحكم
Risk Executive,مخاطر تنفيذي
Risk Exposure Report,تقرير مخاطر تعرض
Risk Incident,Risk Incident
Risk Portal,مخاطر بوابة
Risk Register,سجل مخاطر
Risk Summary,ملخص مخاطر
RiskGuard,Risk Guard
Role,الدور
Role Permission for Page and Report,تقرير الدور صلاحية لـ صفحة و
Role Permissions Manager,مدير صلاحيات الأدوار
Role Profile,الدور الملف الشخصي
Roles,أدوار
Roll Rate Matrix,Roll Rate Matrix
Rollback Available,تراجع متاح
Rollback Performed,Rollback Performed
Room,غرفة
Room Type,نوع غرفة
Room Type Performance,غرفة النوع أداء
Room Unit,غرفة الوحدة
Route Efficiency,مسار كفاءة
Route Plan,مسار الخطة
"Routes e-invoicing to the national authority (ETA, ZATCA, DIAN, etc.).","Routes e-invoicing to the national authority (ETA, ZATCA, DIAN, etc.)."
Routing,توجيه
Routing Rules,توجيه قواعد
Row Type,نوع صف
Row {0},صف {0}
Row {0}: Cost Center is required by global policy.,صف {0}: التكلفة مركز هو مطلوب بواسطة عالمي سياسة.
RPM Readings,RPM Readings
Rule,قاعدة
Rule Profile,قاعدة الملف الشخصي
"Run order-to-cash: customer, lines, channel, and status through invoicing and fulfilment.","Run order-to-cash: customer, lines, channel, and status through invoicing and fulfilment."
Running,قيد التشغيل
Rx Verify,Rx تحقق
RxNorm Codes,Rx Norm Codes
S3 Backup Settings,إعدادات S3 النسخ الاحتياطي
SA — Saudi Arabia,SA — Saudi Arabia
SaaS Application,Saa S Application
SaaS Audit Log,Saa S Audit Log
SaaS Customer Account,Saa S Customer Account
SaaS Domain,Saa S Domain
SaaS Invoice,Saa S Invoice
SaaS Notification Log,Saa S Notification Log
SaaS Package,Saa S Package
SaaS Payment,Saa S Payment
SaaS Plan,Saa S Plan
SaaS Settings,Saa S Settings
SaaS Subscription,Saa S Subscription
SaaS Tenant,Saa S Tenant
SaaS Usage Snapshot,Saa S Usage Snapshot
safenet,safenet
Safety KPI,السلامة KPI
Salary Advance,Salary Advance
Salary Slip,Salary Slip
Sales Booking,حجز بيع
Sales Booking Register,سجل حجز بيع
Sales booking register,سجل حجوزات البيع
Sales by Country,مبيعات بواسطة الدولة
Sales by Customer,مبيعات بواسطة العميل
Sales by Item,مبيعات بواسطة الصنف
Sales by Product,مبيعات بواسطة منتج
Sales by Region,مبيعات بواسطة منطقة
Sales Commission Accrual,استحقاق عمولات المبيعات
Sales Commission Schedule,جدول عمولات المبيعات
Sales Commission Schedule Register,سجل جدول عمولات المبيعات
Sales Director,مبيعات مدير
Sales Invoice,فاتورة مبيعات
Sales Invoice Settings,إعدادات فاتورة مبيعات
Sales Lead,عميل محتمل
Sales Manager,مبيعات مدير
Sales Order,مبيعات أمر
Sales Orders,مبيعات الطلبات
Sales Performance,مبيعات أداء
Sales Performance Report,تقرير مبيعات أداء
Sales Portal,بوابة المبيعات
Sales Quotation,مبيعات عرض سعر
Sales Register,سجل المبيعات
Sales Representative,Sales Representative
Sales representatives,Sales representatives
Sales Settings,إعدادات مبيعات
Sales Summary,ملخص مبيعات
Sales Supervisor,مبيعات مشرف
Sample Register,سجل عينة
sandbox,sandbox
SAU_ZATCA,SAU_ZATCA
Saudi ZATCA,Saudi ZATCA
Save,حفظ
scaffold,scaffold
Scenario Run,سيناريو تشغيل
Schedule,جدولة
Schedule a booking,جدولة a حجز
Schedule Baseline,جدولة خط أساس
Schedule Gantt,Schedule Gantt
Schedule Risk,جدولة مخاطر
Scheduled,مجدول
Scheduled Job Type,نوع مجدول وظيفة
Scheduled Jobs Logs,مجدول مهام سجلات
Scholarship,Scholarship
Scholarship Award,Scholarship Award
School,School
Scorecard,Scorecard
Scrap Analysis,Scrap Analysis
Scrap Entry,Scrap Entry
Scripting,Scripting
Search or type a command,ابحث أو اكتب أمرًا
Search or type a command ({0}),ابحث أو اكتب أمرًا ({0})
Secretary Desk,Secretary Desk
Section (AR),قسم (AR)
Section (EN),قسم (EN)
Section / Homeroom,Section / Homeroom
Section Utilization,قسم استخدام
Sector Heatmap,Sector Heatmap
Sector Reports Coverage,Sector Reports Coverage
Secure Messages,آمن رسائل
Seed Education Roles,بذرة التعليم أدوار
Segregation of Duties: you cannot {0} a record you created.,Segregation of Duties: you cannot {0} a record you created.
Select a company or choose All companies.,Select a company or choose All companies.
Select Case DocType and Case to generate the complete borrower file.,Select Case Doc Type and Case to generate the complete borrower file.
Select Company before choosing Branch ({0}).,Select Company before choosing Branch ({0}).
Selected branch does not exist.,محدد فرع غير موجود
Sell,المبيعات
Seller address (e-Receipt),بائع العنوان (e الإيصال)
Seller Legal Name (Arabic),Seller Legal Name (Arabic)
Seller TRN (15 digits),Seller TRN (15 digits)
Sent,مُرسل
Sent as posserial to ETA.,Sent as posserial to ETA.
Server Script,Server Script
Service,خدمة
Service Charges,Service Charges
Service Contract Register,سجل خدمة عقد
Service CSAT Summary,Service CSAT Summary
Service Definition,خدمة تعريف
Service Definition Register,سجل خدمة تعريف
Service Escalation Rule,Service Escalation Rule
Service Escalation Rule Register,Service Escalation Rule Register
Service Invoice Register,سجل خدمة الفاتورة
Service Order,خدمة أمر
Service Order Backlog,Service Order Backlog
Service Portal,خدمة بوابة
Service Price Catalog,خدمة السعر الفهرس
Service Profitability,Service Profitability
Service Request,خدمة طلب
Service Resource,خدمة مورد
Service Resource Register,سجل خدمة مورد
Service Revenue Schedule,خدمة الإيراد جدولة
Service Revenue Schedule Register,سجل خدمة الإيراد جدولة
Service Skill,خدمة مهارة
Service Skill Register,سجل خدمة مهارة
Service SLA Policy Register,سجل خدمة SLA سياسة
Service Ticket Register,Service Ticket Register
Service Timesheet Hours Summary,Service Timesheet Hours Summary
Service Timesheet Register,Service Timesheet Register
Service Unit,خدمة الوحدة
Services,الخدمات
Servicing Portal,Servicing Portal
Set once here before your first Sign/Send. Stored encrypted (Temp-ETR USB PIN). Re-enter and Save after changing. Not required when saving Branch for other settings.,Set once here before your first Sign/Send. Stored encrypted (Temp-ETR USB PIN). Re-enter and Save after changing. Not required when saving Branch for other settings.
Settings,الإعدادات
Settlement,Settlement
Settlement Reconciliation,Settlement Reconciliation
Setup,الإعداد
Setup Wizard,الإعداد معالج
Shared Master DocTypes,Shared Master Doc Types
Shift Type,نوع وردية
Shipment,شحنة
Shipment Carrier,Shipment Carrier
Shop Floor PWA,متجر طابق PWA
Shortcut,اختصار
Show in Retail POS,عرض في تجزئة نقطة البيع
Sign in to change activity menu scope.,Sign in to change activity menu scope.
Signed Body Reference,موقّع محتوى المرجع
Signer Mode,موقّع وضع
Signing Agent URL,Signing وكيل URL
Signing Mode,Signing Mode
Signing Profile,Signing الملف الشخصي
Signing Profile Register,Signing Profile Register
Signing Secret (test),Signing Secret (test)
signing_agent,signing_agent
Simplified invoice validated,Simplified invoice validated
simulation,محاكاة
Site Daily Report,تقرير الموقع يومي
Site Mobile Hub,الموقع الجوال مركز
SLA Compliance,SLA امتثال
SLA Policy,SLA سياسة
SLA Profile,SLA الملف الشخصي
Slack Webhook URL,Slack Webhook URL
Smart Queue,Smart Queue
Smart Queue Board,لوحة الانتظار الذكية
SME Case,SME Case
SME Cashflow Projection,SME Cashflow Projection
SME Cashflow Projection Register,SME Cashflow Projection Register
SME Executive,SME Executive
SME Financial Statement Snapshot,SME Financial Statement Snapshot
SME Financial Statement Snapshot Register,SME Financial Statement Snapshot Register
SME Microfinance,التمويل متناهي الصغر
SME Portal,SME Portal
SME Portfolio Cluster Register,SME Portfolio Cluster Register
SME Portfolio Watchlist Event Register,SME Portfolio Watchlist Event Register
SME Retail Finance,تمويل المنشآت والتجزئة
SME Retail Finance Case Register,SME Retail Finance Case Register
SMECapital,SMECapital
SMS Settings,إعدادات رسالة نصية
Snagging,Snagging
Snagging Summary,Snagging Summary
Snapshots,Snapshots
SNOMED Codes,SNOMED Codes
Social Login Key,اجتماعي تسجيل الدخول مفتاح
SoD policy: creator cannot approve the same high-risk journal entry.,So D policy: creator cannot approve the same high-risk journal entry.
SoD policy: creator cannot approve the same high-risk payment.,So D policy: creator cannot approve the same high-risk payment.
SOP Management,SOP Management
Sort Order,ترتيب أمر
Source Docname,Source Docname
Source DocType,Source Doc Type
Spare Parts,قطع أجزاء
Specialty,Specialty
Specialty Follow-up Plan,خطة متابعة تخصصية
Specialty Follow-up Plans,خطط المتابعة التخصصية
Specialty Modules,وحدات التخصص
Specialty Wizard,معالج التخصص
SSO Providers,SSO Providers
Stakeholder Register,Stakeholder Register
Standard invoice validated,معيار فاتورة مُحقَّق
Standard Mapping,Standard Mapping
Start Time,وقت البدء
start_date must be before current time,start_date must be before current time
Station Performance,Station Performance
Status,الحالة
Status Summary,ملخص الحالة
Statutory Audit,المراجعة القانونية
Sterilization Cycles,Sterilization Cycles
Stock,المخزون
Stock & Warehouse Settings,إعدادات المخزون & المستودع
Stock Adjustment Reason,مخزون تسوية السبب
Stock Adjustments,Stock Adjustments
Stock aging,Stock aging
Stock Aging Report,Stock Aging Report
Stock Balance,مخزون الرصيد
Stock Entry,مخزون قيد
Stock Entry DocType not available.,Stock Entry Doc Type not available.
Stock Entry Settings,إعدادات مخزون قيد
Stock Ledger,مخزون دفتر
Stock Ledger Report,تقرير مخزون دفتر
Stock Movement,Stock Movement
Stock Movement Report,Stock Movement Report
Stock Movements,Stock Movements
Stock Reconciliation,مخزون تسوية
Stock Settings,إعدادات مخزون
Stock Summary,ملخص مخزون
Stock Summary Report,تقرير ملخص مخزون
Stock traceability control: tracked item requires batch or serial in row {0}.,التحكم في تتبع المخزون: الصنف المتتبع يتطلب دفعة أو رقم تسلسلي في السطر {0}.
Stock Transfer Request,مخزون تحويل طلب
Stock Transfer Request must be submitted before execution.,يجب أن مخزون تحويل طلب يكون مُرسل قبل التنفيذ.
Stock Transfer Request not found.,لم يُعثر على مخزون تحويل طلب
Stock transfer requests,مخزون تحويل طلبات
Stock Voucher Register,Stock Voucher Register
Store Keeper,Store Keeper
Strategy Route,استراتيجية مسار
Street,Street
Stress Outlier,Stress Outlier
Stress Run,Stress Run
Stress Scenario,Stress Scenario
Strict activity menu filtering,Strict activity menu filtering
Strict Global ERP chain validations,Strict Global ERP chain validations
Structured Report Usage,Structured Report Usage
Student,طالب
Student Consent,Student Consent
Student Enrollment,طالب تسجيل
Student Portal,طالب بوابة
Students by Class,طلاب بواسطة فئة
Sub,Sub
Subcontract,مقاول باطن
Subcontract Payment,مقاول باطن السداد
Subcontract Retention Release,مقاول باطن احتفاظ إصدار
Subcontract Work Order,مقاول باطن عمل أمر
Subject,الموضوع
Submission Mode,تقديم وضع
Submit,إرسال
submit,إرسال
Submittal,Submittal
Submitted,مُرسل
Subscription Plan,الاشتراك الخطة
Subsequent Events,Subsequent Events
Substitution Log,Substitution Log
Summary,الملخص
Supplier,المورد
Supplier Category,المورد الفئة
Supplier Contract,المورد عقد
Supplier Fleet Contract,المورد أسطول عقد
Supplier Ledger,المورد دفتر
Supplier Management,المورد إدارة
Supplier Payments,Supplier Payments
Supplier Performance Report,تقرير المورد أداء
Supplier Prequalification,Supplier Prequalification
Supplier quotations (RFQ),Supplier quotations (RFQ)
Suppliers (AP master),موردون (AP رئيسي)
Supporting Attachment,مرفق داعم
Surgical Case,Surgical Case
Sync Education Laravel Hooks,Sync Education Laravel Hooks
Sync Finance Roles,مزامنة مالية أدوار
System design,النظام تصميم
System Information,النظام معلومات
System Logs,النظام سجلات
System Manager,مدير النظام
System settings,النظام إعدادات
Table,جدول
Tag {0} (commit {1}),Tag {0} (commit {1})
Task List,قائمة المهام
Tasks,مهام
Tax & e-Invoice,ضريبة و e الفاتورة
Tax & e-invoicing,Tax & e-invoicing
Tax Authority Name,Tax Authority Name
Tax Authority Profile,Tax Authority Profile
Tax authority profile,Tax authority profile
Tax Authority Profile and Signing Profile are required when e-invoice is enabled.,Tax Authority Profile and Signing Profile are required when e-invoice is enabled.
Tax Authority Profile Register,Tax Authority Profile Register
Tax Card Number,ضريبة بطاقة الرقم
Tax Category,ضريبة الفئة
Tax Configuration Summary,ملخص ضريبة إعداد
Tax configuration summary,ضريبة إعداد ملخص
Tax Countries,Tax Countries
Tax ID,ضريبة المعرّف
Tax Integration,ضريبة تكامل
Tax Provider,ضريبة المزود
Tax Registration Number (TRN),Tax Registration Number (TRN)
Tax Rule,ضريبة قاعدة
Taxes,Taxes
Taxes (Categories),Taxes (Categories)
Taxes (Rules & Rates),Taxes (Rules & Rates)
Teacher,معلم
Teacher Assignment,Teacher Assignment
Teacher Gradebook,Teacher Gradebook
Technician Portal,فني بوابة
Telehealth Appointments,Telehealth Appointments
Telehealth Sessions,Telehealth Sessions
Telehealth Video Room,Telehealth Video Room
Telemedicine,Telemedicine
Telemedicine Admin,Telemedicine Admin
Telemedicine Configuration,Telemedicine Configuration
Telemedicine Consent,Telemedicine Consent
Telemedicine Doctor,Telemedicine Doctor
Telemedicine Queue,Telemedicine Queue
Telemedicine Session,Telemedicine Session
Teleradiology,Teleradiology
Temp-ETR default http://127.0.0.1:5002 — called from your browser on the PC with the USB token (not from the Linux server). Start epass2003_agent on that PC.,Temp-ETR default http://127.0.0.1:5002 — called from your browser on the PC with the USB token (not from the Linux server). Start epass2003_agent on that PC.
Temperature Excursion,Temperature Excursion
Temperature Log,Temperature Log
Tenant (Customer),المستأجر (العميل)
Tenant Isolation,المستأجر عزل
Tenants & Subscriptions,المستأجرون و الاشتراكات
Tender,Tender
Tender Pipeline,Tender Pipeline
Term,فترة
Theme Manager,سمة مدير
"These apps list {0} as a required dependency: {1}. Uninstall those apps first (or change their hooks), then try again.","These apps list {0} as a required dependency: {1}. Uninstall those apps first (or change their hooks), then try again."
This app cannot be hidden from the desk.,This app cannot be hidden from the desk.
This app cannot be uninstalled from the marketplace (platform / protected).,This app cannot be uninstalled from the marketplace (platform / protected).
This app is free: license activation is not applicable.,This app is free: license activation is not applicable.
This app is free: there is no license key to remove.,هذا تطبيق هو مجاني : هناك هو لا ترخيص مفتاح إلى إزالة.
This app is not in the marketplace catalog.,This app is not in the marketplace catalog.
This Month,هذا الشهر
This month,هذا شهر
This user already has access to the selected branch.,This user already has access to the selected branch.
This Week,هذا الأسبوع
This week,هذا أسبوع
Ticket,Ticket
Ticket Backlog,Ticket Backlog
Timesheet,Timesheet
Timesheet Entry,Timesheet Entry
Timestamp,طابع زمني
Timetable,Timetable
Timetable Board,Timetable Board
Timetable Template,Timetable Template
Timezone,المنطقة الزمنية
Tire Record,Tire Record
To,إلى
To Do,To Do
Today,اليوم
ToDo,مهمة
Toll Cost Summary,Toll Cost Summary
Toll Invoice Line,Toll Invoice Line
Toll Provider,Toll Provider
Toll Transaction,Toll Transaction
Toolbox Talk,Toolbox Talk
Tools,أدوات
Top DocType,Top Doc Type
Total,الإجمالي
Total (7d),الإجمالي (7d)
Total Records,الإجمالي سجلات
total records,الإجمالي سجلات
Tourism,السياحة
Tourism Activity Booking,السياحة النشاط حجز
Tourism Beach Booking,Tourism Beach Booking
Tourism Beach Facility,Tourism Beach Facility
Tourism Cancellation & No-show,Tourism Cancellation & No-show
Tourism Charge Entry,السياحة رسوم قيد
Tourism Flight Booking,Tourism Flight Booking
Tourism Flight Ticket Sales,Tourism Flight Ticket Sales
Tourism Front Office Arrivals Departures,Tourism Front Office Arrivals Departures
Tourism Hotel Floor,Tourism Hotel Floor
Tourism Lead Time Analysis,السياحة عميل محتمل الوقت التحليل
Tourism Online Booking Request,السياحة متصل حجز طلب
Tourism Package Profitability,Tourism Package Profitability
Tourism POS Sales Summary,ملخص السياحة نقطة البيع مبيعات
Tourism Restaurant Reservation,السياحة المطاعم حجز
Tourism Restaurant Venue,Tourism Restaurant Venue
Tourism Room Type Performance,السياحة غرفة النوع أداء
Tourism Service Order,السياحة خدمة أمر
Tourism Service Order Backlog,Tourism Service Order Backlog
Tourism Service Profitability,Tourism Service Profitability
Tourism Transport Booking,السياحة نقل حجز
Tourism Travel Vendor,Tourism Travel Vendor
Tourism Vendor Contract,السياحة مورد عقد
"Track initiation, confirmation, capture, refund, and reconciliation outcomes.","Track initiation, confirmation, capture, refund, and reconciliation outcomes."
Trade Package,تجارة حزمة
Trading,التجارة
Trading & Manufacturing,التجارة والتصنيع
Trading Commission Tier,التجارة عمولة مستوى
Trading Installment Schedule,Trading Installment Schedule
Trading Route Plan Stop,التجارة مسار الخطة إيقاف
Trading Tender Competitor,Trading Tender Competitor
Trading Vehicle,التجارة مركبة
Traditional Product,Traditional Product
Training Center,تدريب مركز
Training Record,تدريب سجل
Training Summary,ملخص تدريب
Transcript Request,النص طلب
Transcript Status,حالة النص
Transfer,تحويل
Transfusion Orders,Transfusion Orders
Transit,Transit
Transport,نقل
Transport Route,نقل مسار
Travel Package,Travel Package
Treasury,Treasury
TreasuryALM,Treasury ALM
Treatment Packages,علاج حزم
Trial Balance,ميزان المراجعة
Trial length: {0} days without a key (paid apps). Help: {1},تجربة طول: {0} أيام بدون a مفتاح (مدفوع تطبيقات). مساعدة: {1}
Type,النوع
Type DELETE BRANCH to confirm full branch wipe.,Type DELETE BRANCH to confirm full branch wipe.
UAE (PINT AE),UAE (PINT AE)
Uniclass 2015,Uniclass 2015
Uninstall,إلغاء التثبيت
Uninstall blocked,إلغاء التثبيت محظور
Uninstall failed: {0}. Check Error Log for details.,سجل إلغاء التثبيت فشل: {0}. فحص خطأ لـ التفاصيل.
Uninsured Assets Report,Uninsured Assets Report
Unit,وحدة
Unit Inventory,مخزون الوحدات
Unit inventory & sales readiness,مخزون الوحدات وجاهزية البيع
Unit inventory overview,نظرة عامة على مخزون الوحدات
Unit Reservation,حجز وحدة
Unit Reservation Register,سجل حجز الوحدات
Units of measure,وحدات من قياس
University,University
Unknown activity bench lane: {0},Unknown activity bench lane: {0}
Unknown app group: {0},غير معروف تطبيق مجموعة : { 0 }
Unknown business activity: {0},غير معروف أعمال نشاط : { 0 }
Unknown CoA action: {0},غير معروف Co A إجراء : { 0 }
Unknown integration command: {0},غير معروف تكامل أمر : { 0 }
Unknown module: {0},غير معروف وحدة : { 0 }
Unknown vertical app: {0},Unknown vertical app: {0}
Unknown workflow stage: {0},غير معروف سير عمل المرحلة : { 0 }
Unnamed Account,Unnamed Account
Unpaid Booking Fees,Unpaid Booking Fees
Unscanned Assets,Unscanned Assets
Unspecified,Unspecified
Unsupported bounce event type.,Unsupported bounce event type.
Unsupported channel for bounce handling.,Unsupported channel for bounce handling.
Unsupported PSP action.,Unsupported PSP action.
UOM,UOM
Update,تحديث
updated {0},حُدّث {0}
Upload the document before electronic approval.,Upload the document before electronic approval.
Upload the document before paper approval.,Upload the document before paper approval.
Uploaded,رُفع
Uploaded By,رُفع بواسطة
Uploaded On,رُفع في
USB Signing Agent,USB Signing Agent
USB token driver type (Temp-ETR usb_token_type).,USB token driver type (Temp-ETR usb_token_type).
USB Token PIN,USB Token PIN
USB Token Type,USB Token النوع
"Use the journey sidebar and work scenarios on this page, then click Continue.","Use the journey sidebar and work scenarios on this page, then click Continue."
User,مستخدم
User Activity Summary,ملخص مستخدم النشاط
User activity summary,مستخدم نشاط ملخص
User Branch Access,مستخدم الفرع الوصول
User Branch Access Register,سجل مستخدم الفرع الوصول
User Email,مستخدم البريد الإلكتروني
User Information,مستخدم معلومات
User NPS Survey,User NPS Survey
User Permissions,صلاحيات المستخدم
User permissions,مستخدم صلاحيات
User Roles,مستخدم أدوار
Users,مستخدمون
Users & roles,مستخدمون و أدوار
Vaccination,Vaccination
Vaccination Record Register,Vaccination Record Register
Vaccination Status,Vaccination Status
Valid From,صالح من
Valid To,صالح حتى
Validation,التحقق
Validation Protocol,التحقق البروتوكول
Valuation,Valuation
Value,القيمة
Van Sales Invoice,Van Sales Invoice
Van sales invoice,Van sales invoice
Van Sales PWA,Van Sales PWA
VAT Position,VAT منصب
VAT Registration Number,VAT تسجيل الرقم
Vector Stores,Vector Stores
Vehicle,مركبة
Vehicle Asset Registry,مركبة أصل سجل
Vehicle Asset Registry Register,سجل مركبة أصل سجل
Vehicle Case,مركبة قضية
Vehicle Finance,تمويل المركبات
Vehicle Finance Asset Registry Register,سجل مركبة مالية أصل سجل
Vehicle Finance Audit Snapshot,مركبة مالية تدقيق لقطة
Vehicle Finance Audit Snapshot Register,سجل مركبة مالية تدقيق لقطة
Vehicle Finance Case Register,سجل مركبة مالية قضية
Vehicle Finance Fleet Contract,مركبة مالية أسطول عقد
Vehicle Finance Fleet Contract Register,سجل مركبة مالية أسطول عقد
Vehicle Finance Governance,مركبة مالية الحوكمة
Vehicle Finance Insurance Policy,مركبة مالية تأمين سياسة
Vehicle Finance Insurance Policy Register,سجل مركبة مالية تأمين سياسة
Vehicle Finance Policy Version,مركبة مالية سياسة إصدار
Vehicle Finance Policy Version Register,سجل مركبة مالية سياسة إصدار
Vehicle Finance Recovery Case,مركبة مالية استرداد قضية
Vehicle Finance Recovery Case Register,سجل مركبة مالية استرداد قضية
Vehicle Fleet Contract,مركبة أسطول عقد
Vehicle Fleet Contract Register,سجل مركبة أسطول عقد
Vehicle Group,مركبة مجموعة
Vehicle Inspection,مركبة فحص
Vehicle Insurance Policy,مركبة تأمين سياسة
Vehicle Insurance Policy Register,سجل مركبة تأمين سياسة
Vehicle Recovery Case,مركبة استرداد قضية
Vehicle Stock Transfer,مركبة مخزون تحويل
Vehicle Transfer Summary,ملخص مركبة تحويل
Vendor Qualification,مورد مؤهل
Verification Status,حالة التحقق
Verify,تحقق
Views,Views
Visual Bed Map,Visual Bed Map
Voice Dictation,Voice Dictation
Wait this many hours after sign before batch send (0 = immediately).,Wait this many hours after sign before batch send (0 = immediately).
Waitlist Pool,قائمة انتظار مجموعة
Waitlist Status,حالة قائمة انتظار
Walk-In Kiosk,Walk-In Kiosk
Ward Requisition,Ward Requisition
Ward Requisition Status,Ward Requisition Status
Warehouse,المستودع
Warehouse Manager,المستودع مدير
Warehouse Transfer Report,تقرير المستودع تحويل
Warehouse transfers,Warehouse transfers
Warehouse Type value used for POS-facing warehouses in enterprise warehouse extensions.,Warehouse Type value used for POS-facing warehouses in enterprise warehouse extensions.
Warehouses,Warehouses
Warnings,تحذيرات
Warranty Claim,الضمان مطالبة
Warranty Expiring,Warranty Expiring
Waste Analysis,Waste Analysis
Waste Log,Waste Log
Watchlist Event,Watchlist Event
Wave,Wave
wd_proxkey,wd_proxkey
Web Form,Web Form
Web Order,طلب ويب
Web Page,Web Page
Web Site,Web Site
Webhook,Webhook
Webhook Event Log,Webhook Event Log
Webhook secret is required for signature verification.,Webhook secret is required for signature verification.
Webhook timestamp expired.,Webhook timestamp expired.
Website,Website
Website Route Meta,Website Route Meta
Website Script,Website Script
Website Settings,Website Settings
Website Sidebar,Website Sidebar
Website Slideshow,Website Slideshow
Website Theme,Website Theme
week_index must be 1 or 2,أسبوع مؤشر يجب يكون 1 أو 2
"Welcome back, {0}","Welcome back, {0}"
Welcome to ErpGenEx,Welcome to Erp Gen Ex
Welcome Workspace,Welcome Workspace
Wellbeing,Wellbeing
"When enabled, credit purchases should require payment terms on Supplier/Purchase documents (best-effort enforcement).","When enabled, credit purchases should require payment terms on Supplier/Purchase documents (best-effort enforcement)."
"When enabled, Desk menus, workspaces, and pages are filtered to match this company's business activity. Regular users always see their company activity only. Administrators can switch between company activity or all activities from the navbar.","When enabled, Desk menus, workspaces, and pages are filtered to match this company's business activity. Regular users always see their company activity only. Administrators can switch between company activity or all activities from the navbar."
"When enabled, Journal Entries should follow an approval workflow (best-effort; if workflow exists it will be used).","When enabled, Journal Entries should follow an approval workflow (best-effort; if workflow exists it will be used)."
"When enabled, master DocTypes (Customer, Item, etc.) may remain without branch; list filters use company scope only for null-branch rows.","When enabled, master Doc Types (Customer, Item, etc.) may remain without branch; list filters use company scope only for null-branch rows."
"When enabled, Payment Entries should follow an approval workflow (best-effort; if workflow exists it will be used).","When enabled, Payment Entries should follow an approval workflow (best-effort; if workflow exists it will be used)."
"When enabled, Purchase Invoice items that are stock items must reference a Purchase Receipt / Goods Receipt (strict chain).","When enabled, Purchase Invoice items that are stock items must reference a Purchase Receipt / Goods Receipt (strict chain)."
"When enabled, Sales Invoice items that are stock items must reference a Delivery Note (strict chain).","When enabled, Sales Invoice items that are stock items must reference a Delivery Note (strict chain)."
"When enabled, Sales Invoices (credit) should require Payment Terms on Customer/Sales documents (best-effort enforcement).","When enabled, Sales Invoices (credit) should require Payment Terms on Customer/Sales documents (best-effort enforcement)."
"When enabled, stock transactions must include Batch/Expiry for items configured to track expiry (best-effort enforcement).","When enabled, stock transactions must include Batch/Expiry for items configured to track expiry (best-effort enforcement)."
"When enabled, users only see vertical apps that match their default Company business activity (plus platform apps like Accounting).","When enabled, users only see vertical apps that match their default Company business activity (plus platform apps like Accounting)."
When Strict mode is on: block saving Sales Invoice if Sales Order is empty.,When Strict mode is on: block saving Sales Invoice if Sales Order is empty.
When Strict mode is on: block saving Sales Invoice with stock items if Delivery Note is empty. Uncheck to invoice stock without a delivery note.,When Strict mode is on: block saving Sales Invoice with stock items if Delivery Note is empty. Uncheck to invoice stock without a delivery note.
Window (Hours),Window (Hours)
windows,windows
Windows Signer Command,Windows موقّع أمر
windows_app,windows_app
Wipe Branch Data,Wipe Branch Data
Wizard Sessions,معالج جلسات
Work Approval,عمل موافقة
Work Center,عمل مركز
Work Delay Notice,Work Delay Notice
Work Order,عمل أمر
Work Order Status,حالة عمل أمر
Workcenter,مركز العمل
Workcenter & Role Portals,مراكز العمل وبوابات الأدوار
Workflow,سير عمل
Workflow Execution Summary,ملخص سير عمل التنفيذ
Workflow execution summary,سير عمل التنفيذ ملخص
Workflow Journey,Workflow Journey
Workflow State,حالة سير العمل
Workflows,سير عمل
Working paper — not a statutory audit opinion,ورقة عمل — ليست رأي تدقيق قانوني
Workshop Vendor,Workshop Vendor
Workspace,مساحة العمل
Workspaces,مساحات العمل
World Class Mock Audit,World Class Mock Audit
Write-Off,كتابة إيقاف
X12 EDI,X12 EDI
Yes,نعم
Yesterday,أمس
You are not allowed to access this branch.,You are not allowed to access this branch.
You are not allowed to change item price.,You are not allowed to change item price.
You are ready to work in Core ERP.,أنت جاهز للعمل في ERP الأساسي.
ZATCA,ZATCA
ZATCA Company Settings,إعدادات ZATCA الشركة
ZATCA Company Settings Register,سجل إعدادات ZATCA الشركة
ZATCA Console,ZATCA Console
ZATCA Environment,ZATCA البيئة
ZATCA Phase,ZATCA مرحلة
ZATCA Submission Log,سجل ZATCA تقديم
ZATCA Submission Log Register,سجل سجل ZATCA تقديم
{0} analytics available,{0} تحليلات متاح
{0} must belong to the same company as the branch.,يجب أن {0} ينتمي إلى نفس الشركة as الفرع.
{0} Overview,{0} نظرة عامة
{0} row(s),{ 0 } صف ( s )
{0} workspace updated,{0} مساحة عمل حُدّث
{c[1]},{c[1]}
{escaped},{escaped}
{title} Workcenter,{العنوان} مركز العمل
إعداد الشركاء القانوني,إعداد الشركاء القانوني
التعليم,التعليم
الحضانة,الحضانة
الزراعة,الزراعة
السياحة,السياحة
الصحة,الصحة
المرفقات,المرفقات
المطاعم,المطاعم
المقترض / الحالة,المقترض / الحالة
تأجير السيارات,تأجير السيارات
رأس الملف,رأس الملف
سجل التغييرات,سجل التغييرات
صف {0},{0}
طباعة المستندات القانونية,طباعة المستندات القانونية
لا توجد مرفقات,لا توجد مرفقات
لا يوجد سجل,لا يوجد سجل
مسار التمويل,مسار التمويل
نظرة عامة,نظرة عامة
نقطة البيع,نقطة البيع
⏱ Attendance & Biometric,⏱ Attendance & Biometric
⚖️ Operations,⚖️ عمليات
⚖️ Partner Legal,⚖️ شريك القانون
⚖️ Partner Legal Reports,⚖️ شريك القانون تقارير
⚖️ Role Portals,⚖️ Role Portals
⚙ Setup,⚙ الإعداد
⚙️ Customer 360,⚙️ العميل 360
⚙️ Domain setup · UOM,⚙️ النطاق إعداد · UOM
⚙️ Master Data & Engineering,⚙️ رئيسي بيانات و هندسة
⚙️ Operations,⚙️ عمليات
⚙️ Service & marketing,⚙️ خدمة و تسويق
⚙️ Settings,إعدادات ⚙️
⚙️ Tax profiles,⚙️ Tax profiles
⚠️ Incidents & loss,⚠️ Incidents & loss
⚡ Execution & Resources,⚡ التنفيذ و موارد
✅ Handover,✅ التسليم
✅ Quality & Non-Conformance,✅ Quality & Non-Conformance
✅ Quality Systems (ISO/FDA),✅ Quality Systems (ISO/FDA)
✨ Omnexa Journey,✨ رحلة أومنكسا
✨ Omnexa Journey Experience,✨ Omnexa Journey Experience
🌍 Population Health,🌍 صحة السكان
🌐 Omnexa Journey Experience,🌐 تجربة Omnexa Journey
🌐 Pharma Role Portals,🌐 Pharma Role Portals
🌾 Farm Master,🌾 Farm Master
🍽️ Floor & Menu,🍽️ طابق و القائمة
🎓 University (Banner / Workday),🎓 University (Banner / Workday)
🎫 Delivery,🎫 تسليم
🎫 Service desk,🎫 خدمة المكتب
🎯 Command Center,🎯 أمر مركز
🎯 CRM,🎯 إدارة العملاء
🎯 Origination,🎯 Origination
🎯 Student Life & Alumni,🎯 Student Life & Alumni
🎯 Talent Acquisition,🎯 Talent Acquisition
🏖 Leave,🏖 إجازة
🏗️ Projects,🏗️ المشاريع
🏛️ Portfolio & Program,🏛️ محفظة و برنامج
🏠 Mortgage,🏠 Mortgage
🏠 Mortgage book,🏠 Mortgage book
🏢 Industry Portals,🏢 Industry Portals
🏢 Organization,🏢 التنظيم والإعداد
🏢 Organization & Network,🏢 التنظيم والإعداد و شبكة
🏢 Organization & Setup,🏢 التنظيم والإعداد
🏢 Portfolio,🏢 المحفظة العقارية
🏢 Setup,🏢 الإعداد
🏢 Workcenter & Portals,🏢 Workcenter & Portals
🏥 Inpatient · ADT · Nursing,🏥 التنويم · القبول والتحويل · التمريض
🏥 Reception Command,🏥 الاستقبال أمر
🏦 Core Engines,🏦 Core Engines
🏦 Finance engine core,🏦 Finance engine core
🏨 Hotel Operations,🏨 Hotel Operations
🏨 Hotel Setup,🏨 Hotel Setup
🏨 Portfolio,🏨 محفظة
🏪 SME,🏪 SME
🏪 SME Finance,🏪 SME Finance
🏪 SME portfolio,🏪 SME portfolio
🏫 Institution Setup (All),🏫 Institution Setup (الكل)
🏫 K12 School (PowerSchool),🏫 K12 School (Power School)
🏭 Shop Floor Execution,🏭 متجر طابق التنفيذ
🐄 Livestock,🐄 Livestock
👤 MPI & Patient Access,👤 سجل المرضى والوصول
👤 My Health Journey,👤 My Health Journey
👥 Administration,👥 Administration
👥 Clients & Matters,👥 Clients & Matters
👥 Customers & drivers,👥 Customers & drivers
👥 HR & Users,👥 الموارد البشرية والمستخدمون
👥 Workforce,👥 Workforce
👨‍⚕️ Physician Excellence,👨‍⚕️ Physician Excellence
👨‍⚕️ Physician Revenue & Compensation,👨‍⚕️ إيرادات الأطباء والمحاسبة
👨‍🍳 Kitchen,👨‍🍳 Kitchen
👨‍🎓 Admissions & Enrollment,👨‍🎓 Admissions & Enrollment
👨‍👩‍👧 Family Medicine,👨‍👩‍👧 طب الأسرة
👩‍🏫 Faculty,👩‍🏫 Faculty
👶 Setup & people,👶 Setup & people
💊 ePrescription · CDSS,💊 e وصفة · CDSS
💊 Pharmaceutical Compliance (GDP/GMP),💊 Pharmaceutical Compliance (GDP/GMP)
💊 Pharmacy,💊 الصيدلية
💊 Pharmacy Desk,💊 صيدلية المكتب
💰 Billing · Finance · ERP,💰 الفوترة · المالية · ERP
💰 Commissions,💰 العمولات
💰 Commissions & Incentives,💰 Commissions & Incentives
💰 Costing & Finance,💰 Costing & Finance
💰 Fees & Finance,💰 Fees & Finance
💰 Finance,💰 مالية
💰 Finance & ERP,💰 المالية · ERP
💰 Owner & CAM,💰 المالك والمصاريف المشتركة
💰 Payments · counter sales,💰 Payments · counter sales
💰 Payroll & Benefits,💰 رواتب و مزايا
💰 Recognition & depreciation,💰 تقدير و إهلاك
💰 Treasury Desk,💰 Treasury Desk
💳 Billing,💳 الفوترة
💳 ERP masters,💳 ERP masters
💳 ERP masters · 1,💳 ERP masters · 1
💳 ERP masters · 2,💳 ERP masters · 2
💳 ERP masters · 3,💳 ERP masters · 3
💳 ERP masters · 4,💳 ERP masters · 4
💳 ERP masters · 5,💳 ERP masters · 5
💳 Finance & ERP,💳 مالية و ERP
💳 Origination & servicing,💳 Origination & servicing
💹 ALM,💹 إدارة الأصول والخصوم
💹 Treasury ALM,💹 Treasury ALM
💼 AR/AP,💼 AR/AP
💼 Finance,💼 مالية
💼 Finance Desk,💼 مالية المكتب
💼 Patient Billing & Accounts,💼 فوترة المرضى والحسابات
📁 Data & imports,📁 Data & imports
📁 Document Registry,📁 مستند سجل
📁 E-Invoicing & e-receipt,📁 E-Invoicing & e-receipt
📁 Education DocTypes (auto),📁 Education Doc Types (auto)
📁 Healthcare DocTypes (auto),📁 Healthcare Doc Types (auto)
📁 Pipeline,📁 مسار
📁 Policy & access,📁 سياسة و وصول
📄 Factoring,📄 التخصيم
📄 Invoice lifecycle,📄 Invoice lifecycle
📅 Bookings,📅 حجوزات
📅 Reservations & pricing,📅 Reservations & pricing
📅 Scheduling & Timetable,📅 Scheduling & Timetable
📈 Additional inventory reports,📈 إضافي مخزون تقارير
📈 Additional sales reports,📈 إضافي مبيعات تقارير
📈 Analytics,📈 التحليلات
📈 Compliance analytics,📈 امتثال تحليلات
📈 Credit Risk,📈 دائن مخاطر
📈 ERP reports,📈 ERP تقارير
📈 ERP reports · 1,📈 ERP تقارير · 1
📈 ERP reports · 2,📈 ERP تقارير · 2
📈 Exposure & collections,📈 Exposure & collections
📈 Finance reports,📈 مالية تقارير
📈 Financial tie-out,📈 Financial tie-out
📈 Hotel Finance & Forecasting,📈 Hotel Finance & Forecasting
📈 Hotel Reports,📈 Hotel Reports
📈 Leasing analytics,📈 Leasing analytics
📈 Liquidity & IRRBB,📈 Liquidity & IRRBB
📈 Local Inventory Reports,📈 محلي مخزون تقارير
📈 Local Procurement Reports,📈 محلي المشتريات تقارير
📈 Local Sales Reports,📈 محلي مبيعات تقارير
📈 Module reports,📈 وحدة تقارير
📈 Module reports · 1,📈 وحدة تقارير · 1
📈 Module reports · 2,📈 وحدة تقارير · 2
📈 Module reports · 3,📈 وحدة تقارير · 3
📈 Module reports · 4,📈 وحدة تقارير · 4
📈 Module reports · 5,📈 وحدة تقارير · 5
📈 Module reports · 6,📈 وحدة تقارير · 6
📈 Module reports · 7,📈 وحدة تقارير · 7
📈 Module reports · 8,📈 وحدة تقارير · 8
📈 Module reports · 9,📈 وحدة تقارير · 9
📈 Performance & KPIs,📈 Performance & KPIs
📈 Portfolio analytics,📈 محفظة تحليلات
📈 Reports,📈 التقارير
📈 Reports (auto),📈 التقارير (auto)
📈 Reports · Attendance & Academics,📈 Reports · Attendance & Academics
📈 Reports · Billing & Finance,📈 تقارير · الفوترة و مالية
📈 Reports · Clinical,📈 التقارير · السريرية
📈 Reports · Commissions & Pipeline,📈 Reports · Commissions & Pipeline
📈 Reports · Cost & Materials,📈 تقارير · التكلفة و مواد
📈 Reports · CRM analytics,📈 تقارير · إدارة العملاء تحليلات
📈 Reports · Depreciation,📈 تقارير · إهلاك
📈 Reports · Enrollment,📈 تقارير · تسجيل
📈 Reports · Enrollment & Admissions,📈 Reports · Enrollment & Admissions
📈 Reports · Finance & POS,📈 تقارير · مالية و نقطة البيع
📈 Reports · Fleet,📈 تقارير · أسطول
📈 Reports · Guest,📈 التقارير · زائر
📈 Reports · Inpatient,📈 التقارير · التنويم
📈 Reports · Issues & Milestones,📈 Reports · Issues & Milestones
📈 Reports · Laboratory,📈 التقارير · المختبر
📈 Reports · Operations,📈 تقارير · عمليات
📈 Reports · Operations & OEE,📈 Reports · Operations & OEE
📈 Reports · Other,📈 التقارير · أخرى
📈 Reports · Pharmacy,📈 التقارير · الصيدلية
📈 Reports · Radiology,📈 التقارير · الأشعة
📈 Reports · RCM & Finance,📈 التقارير · التأمين والمالية
📈 Reports · Register,سجل 📈 تقارير ·
"📈 Reports · Risk, EVM & Quality","📈 Reports · Risk, EVM & Quality"
📈 Reports · Sales & Routes,📈 Reports · Sales & Routes
📈 Reports · Schedule & Resources,📈 تقارير · جدولة و موارد
📈 Reports · Scheduling & OPD,📈 التقارير · الجدولة والعيادات
📈 Reports · Surgery,📈 التقارير · الجراحة
📈 Reports · Wellbeing,📈 Reports · Wellbeing
📈 Risk,📈 مخاطر
📈 Risk & recovery,📈 مخاطر و استرداد
📉 IFRS9 & ECL,📉 IFRS9 & ECL
📊 ALM operations,📊 إدارة الأصول والخصوم عمليات
📊 Analytics,📊 التحليلات
📊 Analytics & aging,📊 Analytics & aging
📊 Archive Reports,📊 أرشفة تقارير
📊 Dashboards,📊 لوحات المعلومات
📊 Dashboards & Analytics,📊 لوحات المعلومات و التحليلات
📊 Dashboards & consoles,📊 Dashboards & consoles
📊 Dashboards & Portals,📊 لوحات المعلومات والبوابات
📊 Dashboards & portals,📊 لوحات المعلومات والبوابات
📊 Dashboards & Shop Floor,📊 لوحات المعلومات و متجر طابق
📊 Executive Intelligence,📊 Executive Intelligence
📊 Group,📊 مجموعة
📊 Group Executive,📊 مجموعة تنفيذي
📊 Hospital Manager,📊 مستشفى مدير
📊 Management,📊 إدارة
📊 Reports & GL,📊 تقارير و GL
📊 Vitals,📊 Vitals
📋 Catalog,📋 الفهرس
📋 Clinical EMR,📋 السجل الطبي الإلكتروني
📋 Commercial,📋 التجاري
📋 Compliance,📋 امتثال
📋 Daily operations,📋 يومي عمليات
📋 Engagements,📋 Engagements
📋 IFRS 16 contracts,📋 IFRS 16 عقود
📋 Leasing,📋 التأجير
📋 Module operations,📋 وحدة عمليات
📋 Module operations · 1,📋 وحدة عمليات · 1
📋 Module operations · 2,📋 وحدة عمليات · 2
📋 Module operations · 3,📋 وحدة عمليات · 3
📋 Module operations · 4,📋 وحدة عمليات · 4
📋 Module operations · 5,📋 وحدة عمليات · 5
📋 Module operations · 6,📋 وحدة عمليات · 6
📋 Operations,📋 العمليات
📋 Patients,📋 مرضى
📋 Policy & register,📋 سياسة و سجل
📋 RCA & escalation,📋 RCA & escalation
📋 Tenders & Credit,📋 Tenders & Credit
📐 BOQ & inventory,📐 جدول الكميات والمخزون
📐 Projects & RIBA,📐 Projects & RIBA
📐 Scope & Schedule,📐 نطاق و جدولة
📒 Accounting,📒 المحاسبة
📒 Core Platform,📒 النواة المنصة
📒 General Ledger & ERP,📒 دفتر الأستاذ العام · ERP
📒 GL,📒 GL
📒 GL & Masters,📒 GL & Masters
📚 Learning & Performance,📚 Learning & Performance
📚 Library · Transport · Hostel,📚 Library · Transport · Hostel
📚 Programs & fees,📚 Programs & fees
📜 Logistics & fulfillment,📜 Logistics & fulfillment
📝 Assessment & Grades,📝 Assessment & Grades
📡 Channels,📡 Channels
📡 Telematics & lifecycle,📡 Telematics & lifecycle
📤 Events & templates,📤 أحداث و قوالب
📤 Submissions,📤 تقديمات
📥 Client Intake,📥 Client Intake
📦 Inventory & Procurement,📦 مخزون و المشتريات
📦 Inventory & Supply,📦 المخزون والتوريد
📦 Leasing,📦 Leasing
📱 Pages (auto),📱 الصفحات (تلقائي)
🔄 Transfers & disposal,🔄 Transfers & disposal
🔌 Connectors,🔌 Connectors
🔍 Findings & evidence,🔍 النتائج و دليل
🔒 Compliance & FERPA,🔒 Compliance & FERPA
🔗 Construction & BOQ Bridge,🔗 المقاولات و جدول الكميات جسر
🔗 Integration,🔗 التكامل
🔗 LMS · Mobile · Analytics,🔗 LMS · Mobile · Analytics
🔗 Vertical Sources,🔗 Vertical Sources
🔧 Assurance,🔧 Assurance
🔧 Hotel Maintenance & Quality,🔧 Hotel Maintenance & Quality
🔧 Maintenance & risk,🔧 صيانة و مخاطر
🔧 PM & assets,🔧 م و أصول
🔧 Supporting (approvals · landed cost),🔧 Supporting (approvals · landed cost)
🔪 Surgery · OT · Anesthesia,🔪 الجراحة · غرف العمليات · التخدير
🚑 Emergency (ER),🚑 الطوارئ
🚗 Auto,🚗 آلي
🚗 Auto Finance,🚗 آلي مالية
🚗 Collateral & cases,🚗 ضمان و قضايا
🚗 Fleet & catalog,🚗 أسطول و فهرس
🚚 Field operations,🚚 العمليات الميدانية
🚚 Field Sales & Distribution,🚚 Field Sales & Distribution
🛏️ Linen Management,🛏️ Linen Management
🛏️ Rooms,🛏️ Rooms
🛒 Consumer,🛒 مستهلك
🛒 Consumer Lending,🛒 مستهلك إقراض
🛒 CRM & campaigns (supporting),🛒 CRM & campaigns (supporting)
🛒 Field sales (optional),🛒 حقل مبيعات (اختياري)
🛡️ Compliance,🛡️ الامتثال
🛡️ Controls & compliance,🛡️ ضوابط و امتثال
🛡️ Credit Origination,🛡️ Credit Origination
🛡️ Governance,🛡️ الحوكمة
🛡️ GRC,🛡️ GRC
🛡️ Insurance & Payer RCM,🛡️ التأمين والجهات الدافعة
🛡️ Operational Risk,🛡️ Operational Risk
🛡️ Origination,🛡️ Origination
🛣️ Tolls & road charges,🛣️ Tolls & road charges
🤖 AI Employee,🤖 AI الموظف
🤝 Micro,🤝 Micro
🤝 Micro portfolio,🤝 Micro portfolio
🤝 Microfinance Field,🤝 Microfinance Field
🧠 Providers & Routing,🧠 Providers & Routing
🧪 Laboratory (LIS),🧪 المختبر (نظام معلومات المختبر)
🧪 Model risk,🧪 نموذج مخاطر
🧾 Domain setup (tax · FX),🧾 النطاق إعداد (ضريبة · FX)
🩸 Blood Bank · CSSD · QMS,🩸 بنك الدم · التعقيم · الجودة
🩹 Nursing Station,🩹 Nursing Station
🩺 Clinical,🩺 سريري
🩺 Practitioners & OPD,🩺 الأطباء والعيادات الخارجية
