"""amended_from"" field must be present to do an amendment.","""amended_from"" field must be present to do an amendment."
"""Company History""","""الشركة السجل"""
"""Parent"" signifies the parent table in which this row must be added","""Parent"" signifies the parent table in which this row must be added"
"""Team Members"" or ""Management""","""فريق أعضاء"" أو ""إدارة"""
"""{0}"" is not a valid Google Sheets URL","""{0}"" is not a valid Google Sheets URL"
&lt;head&gt; HTML,&lt;head&gt; HTML
'In Global Search' not allowed for type {0} in row {1},'In Global Search' not allowed for type {0} in row {1}
'In List View' not allowed for type {0} in row {1},'In List View' not allowed for type {0} in row {1}
'Recipients' not specified,'Recipients' not specified
'{0}' not allowed for type {1} in row {2},'{0}' not allowed for type {1} in row {2}
(Ctrl + G),(Ctrl + G)
(Mandatory),(Mandatory)
** Failed: {0} to {1}: {2},** فشل: {0} إلى {1}: {2}
**Currency** Master,* * العملة * * رئيسي
0 - Draft; 1 - Submitted; 2 - Cancelled,0 مسودة; 1 مُرسل; 2 ملغى
0 is highest,0 is highest
1 comment,1 تعليق
1 Currency = [?] Fraction\nFor e.g. 1 USD = 100 Cent,1 Currency = [?] Fraction\n For e.g. 1 USD = 100 Cent
1 Google Calendar Event synced.,1 Google Calendar Event synced.
1 hour ago,1 hour ago
1 minute ago,1 minute ago
1 month ago,1 month ago
1 record will be exported,1 سجل سوف يكون مُصدَّر
1 Report,تقرير 1
1 week ago,1 week ago
1 year ago,1 year ago
5 Records,5 سجلات
; not allowed in condition,; not allowed in condition
"<h4>Default Template</h4>\n<p>Uses <a href=""http://jinja.pocoo.org/docs/templates/"">Jinja Templating</a> and all the fields of Address (including Custom Fields if any) will be available</p>\n<pre><code>{{ address_line1 }}&lt;br&gt;\n{% if address_line2 %}{{ address_line2 }}&lt;br&gt;{% endif -%}\n{{ city }}&lt;br&gt;\n{% if state %}{{ state }}&lt;br&gt;{% endif -%}\n{% if pincode %} PIN:  {{ pincode }}&lt;br&gt;{% endif -%}\n{{ country }}&lt;br&gt;\n{% if phone %}Phone: {{ phone }}&lt;br&gt;{% endif -%}\n{% if fax %}Fax: {{ fax }}&lt;br&gt;{% endif -%}\n{% if email_id %}Email: {{ email_id }}&lt;br&gt;{% endif -%}\n</code></pre>","<h4>Default Template</h4>\n<p>Uses <a href=""http://jinja.pocoo.org/docs/templates/"">Jinja Templating</a> and all the fields of Address (including Custom Fields if any) will be available</p>\n<pre><code>{{ address_line1 }}&lt;br&gt;\n{% if address_line2 %}{{ address_line2 }}&lt;br&gt;{% endif -%}\n{{ city }}&lt;br&gt;\n{% if state %}{{ state }}&lt;br&gt;{% endif -%}\n{% if pincode %} PIN:  {{ pincode }}&lt;br&gt;{% endif -%}\n{{ country }}&lt;br&gt;\n{% if phone %}Phone: {{ phone }}&lt;br&gt;{% endif -%}\n{% if fax %}Fax: {{ fax }}&lt;br&gt;{% endif -%}\n{% if email_id %}Email: {{ email_id }}&lt;br&gt;{% endif -%}\n</code></pre>"
"<p>Set context before rendering a template. Example:</p><p>\n</p><div><pre><code>\ncontext.project = frappe.get_doc(""Project"", frappe.form_dict.name)\n</code></pre></div>","<p>Set context before rendering a template. Example:</p><p>\n</p><div><pre><code>\ncontext.project = frappe.get_doc(""Project"", frappe.form_dict.name)\n</code></pre></div>"
_doctype,نوع المستند
_report,تقرير
A featured post must have a cover image,A featured post must have a cover image
A field with the name '{}' already exists in doctype {}.,A field with the name '{}' already exists in doctype {}.
A Lead with this Email Address should exist,A Lead with this Email Address should exist
A list of resources which the Client App will have access to after the user allows it.<br> e.g. project,A list of resources which the Client App will have access to after the user allows it.<br> e.g. project
A log of request errors,A سجل من طلب أخطاء
A new account has been created for you at {0},A جديد حساب لديه كان أُنشئ لـ أنت في {0}
A recurring {0} {1} has been created for you via Auto Repeat {2}.,A recurring {0} {1} has been created for you via Auto Repeat {2}.
A symbol for this currency. For e.g. $,A رمز لـ هذا عملة. لـ e.g. $
A user who posts blogs.,A user who posts blogs.
A word by itself is easy to guess.,A word by itself is easy to guess.
About Us Settings,إعدادات من نحن
About Us Team Member,حول لنا فريق عضو
About {0} minute remaining,حول {0} دقيقة متبقٍ
About {0} minutes remaining,حول {0} دقائق متبقٍ
About {0} seconds remaining,About {0} seconds remaining
Accept Payment,قبول السداد
Access Key ID,الوصول مفتاح المعرّف
Access Key Secret,الوصول مفتاح سري
Access Log,سجل الوصول
Access not allowed from this IP Address,Access not allowed from this IP Address
Access Token,الوصول رمز
Access Token URL,الوصول رمز URL
Account,حساب
Accounts Manager,حسابات مدير
Accounts User,حسابات مستخدم
Action,إجراء
Action / Route,إجراء / مسار
Action Failed,إجراء فشل
Action Timeout (Seconds),Action Timeout (Seconds)
Action Type,نوع إجراء
Actions,إجراءات
"Actions for workflow (e.g. Approve, Cancel).","إجراءات لـ سير عمل (e.g. اعتماد, إلغاء)."
Active,نشط
Active Domains,نشط النطاقات
Active Sessions,نشط جلسات
Activity,النشاط
Activity Log,سجل النشاط
Activity Log by,النشاط السجل بواسطة
Activity log of all users.,النشاط سجل من كل مستخدمون.
Add,إضافة
Add / Manage Email Accounts.,إضافة / إدارة البريد الإلكتروني حسابات .
Add / Manage Email Domains.,إضافة / إدارة البريد الإلكتروني النطاقات .
Add / Update,إضافة / تحديث
Add a column,إضافة a عمود
Add a comment,إضافة a تعليق
Add a New Role,إضافة a جديد الدور
Add A New Rule,إضافة A جديد قاعدة
Add a new section,إضافة a جديد قسم
Add a tag ...,إضافة a وسم ...
Add a {0} Chart,إضافة a {0} الملف الطبي
Add all roles,إضافة كل أدوار
Add Another Comment,Add Another Comment
Add Attachment,إضافة مرفق
Add Chart to Dashboard,لوحة إضافة الملف الطبي إلى
Add Child,إضافة فرعي
Add Column,إضافة عمود
Add Contact,إضافة جهة اتصال
Add Contacts,إضافة جهات اتصال
Add Container,إضافة حاوية
Add custom forms.,إضافة مخصص نماذج.
Add custom javascript to forms.,Add custom javascript to forms.
Add Custom Tags,إضافة مخصص وسوم
Add Fields,إضافة حقول
Add fields to forms.,إضافة حقول إلى نماذج.
Add Filter,إضافة تصفية
Add Filters,إضافة المرشحات
Add Gray Background,Add Gray Background
Add Group,إضافة مجموعة
Add meta tags to your web pages,Add meta tags to your web pages
Add Multiple,Add Multiple
Add New Permission Rule,إضافة جديد صلاحية قاعدة
Add Participants,Add Participants
Add Review,إضافة مراجعة
Add Row,إضافة صف
Add script for Child Table,Add script for Child Table
Add Signature,إضافة التوقيع
Add Space on Bottom,إضافة مساحة في أسفل
Add Space on Top,إضافة مساحة في أعلى
Add Subscribers,Add Subscribers
Add to Dashboard,لوحة إضافة إلى
Add to table,إضافة إلى جدول
Add to ToDo,إضافة إلى إلى يفعل
Add Total Row,إضافة الإجمالي صف
Add Unsubscribe Link,Add Unsubscribe Link
Add User Permissions,إضافة مستخدم صلاحيات
Add your own translations,Add your own translations
added,أُضيف
"Added HTML in the &lt;head&gt; section of the web page, primarily used for website verification and SEO","Added HTML in the &lt;head&gt; section of the web page, primarily used for website verification and SEO"
Added {0},أُضيف {0}
added {0},أُضيف {0}
Added {0} ({1}),أُضيف {0} ({1})
Adding System Manager to this User as there must be atleast one System Manager,Adding System Manager to this User as there must be atleast one System Manager
Additional Permissions,إضافي صلاحيات
Address,العنوان
Address And Contacts,العنوان و جهات اتصال
Address and other legal information you may want to put in the footer.,Address and other legal information you may want to put in the footer.
Address Line 1,سطر العنوان 1
Address Line 2,سطر العنوان 2
Address Template,العنوان قالب
Address Title,العنوان العنوان
Address Title is mandatory.,Address Title is mandatory.
Address Type,نوع العنوان
Addresses,Addresses
Addresses And Contacts,Addresses And Contacts
Adds a client custom script to a DocType,Adds a client custom script to a Doc Type
Adds a custom field to a DocType,Adds a custom field to a Doc Type
adjust,adjust
Admin,المسؤول
Administration,Administration
Administrator,المسؤول
Administrator accessed {0} on {1} via IP Address {2}.,Administrator accessed {0} on {1} via IP Address {2}.
Administrator Logged In,Administrator Logged In
Advanced,Advanced
Advanced Control,Advanced Control
Advanced Search,Advanced Search
Advanced Settings,Advanced Settings
af-south-1,af-south-1
After Cancel,بعد إلغاء
After Delete,بعد حذف
After Save,بعد حفظ
After Save (Submitted Document),بعد حفظ (مُرسل مستند)
After Submit,بعد إرسال
after_insert,after_insert
Aggregate Function Based On,Aggregate Function Based On
Aggregate Function field is required to create a dashboard chart,Aggregate Function field is required to create a dashboard chart
Alert,تنبيه
Align Labels to the Right,Align Labels to the Right
Align Right,Align Right
Align Value,Align Value
align-center,align-center
align-justify,align-justify
align-left,align-left
align-right,align-right
ALL,كل
All,الكل
All customizations will be removed. Please confirm.,الكل تخصيصات سوف يكون أُزيل . يرجى تأكيد .
All Day,الكل يوم
All Images attached to Website Slideshow should be public,All Images attached to Website Slideshow should be public
"All possible Workflow States and roles of the workflow. Docstatus Options: 0 is""Saved"", 1 is ""Submitted"" and 2 is ""Cancelled""","All possible Workflow States and roles of the workflow. Docstatus Options: 0 is""Saved"", 1 is ""Submitted"" and 2 is ""Cancelled"""
All Records,الكل سجلات
All Time,الكل الوقت
All-uppercase is almost as easy to guess as all-lowercase.,All-uppercase is almost as easy to guess as all-lowercase.
Allocated To,مخصص إلى
Allot Points To Assigned Users,Allot Points To Assigned Users
Allow,السماح
Allow API Indexing Access,Allow API Indexing Access
Allow approval for creator of the document,Allow approval for creator of the document
Allow Auto Repeat,Allow Auto Repeat
Allow Bulk Edit,Allow Bulk Edit
Allow Comments,السماح تعليقات
Allow Consecutive Login Attempts,Allow Consecutive Login Attempts
Allow Delete,السماح حذف
Allow document creation via Email,Allow document creation via Email
Allow Dropbox Access,Allow Dropbox Access
Allow Edit,السماح تعديل
Allow events in timeline,السماح أحداث في الخط الزمني
Allow Google Calendar Access,Allow Google Calendar Access
Allow Google Contacts Access,Allow Google Contacts Access
Allow Google Drive Access,Allow Google Drive Access
Allow Google Indexing Access,Allow Google Indexing Access
Allow Guest,السماح زائر
Allow Guest to View,السماح زائر إلى عرض
Allow Guests to Upload Files,Allow Guests to Upload Files
Allow Import (via Data Import Tool),Allow Import (via Data Import Tool)
Allow in Quick Entry,Allow in Quick Entry
Allow Incomplete Forms,السماح غير مكتمل النماذج
Allow Login After Fail,Allow Login After Fail
Allow Login using Mobile Number,السماح تسجيل الدخول باستخدام الجوال الرقم
Allow Login using User Name,اسم السماح تسجيل الدخول باستخدام مستخدم
Allow Modules,السماح الوحدات
Allow Multiple,Allow Multiple
Allow on Submit,السماح في إرسال
Allow only one session per user,Allow only one session per user
Allow page break inside tables,Allow page break inside tables
Allow Print,السماح طباعة
Allow Print for Cancelled,السماح طباعة لـ ملغى
Allow Print for Draft,السماح طباعة لـ مسودة
Allow Read On All Link Options,السماح قراءة في الكل رابط خيارات
Allow Rename,السماح إعادة تسمية
Allow Roles,السماح أدوار
Allow saving if mandatory fields are not filled,Allow saving if mandatory fields are not filled
Allow Self Approval,السماح ذاتي موافقة
Allow user to login only after this hour (0-24),السماح مستخدم إلى تسجيل الدخول فقط بعد هذا ساعة (0 24)
Allow user to login only before this hour (0-24),السماح مستخدم إلى تسجيل الدخول فقط قبل هذا ساعة (0 24)
Allowed,Allowed
Allowed In Mentions,Allowed In Mentions
"Allowing DocType, DocType. Be careful!","Allowing Doc Type, Doc Type. Be careful!"
Already in the following Users ToDo list:{0},Already in the following Users To Do list:{0}
Already Registered,بالفعل مسجّل
Also adding the dependent currency field {0},Also adding the dependent currency field {0}
Also adding the status dependency field {0},Also adding the status dependency field {0}
"Always add ""Draft"" Heading for printing draft documents","Always add ""Draft"" Heading for printing draft documents"
Always use Account's Email Address as Sender,Always use Account's Email Address as Sender
Always use Account's Name as Sender's Name,Always use Account's Name as Sender's Name
Amend,Amend
Amended From,معدّل من
Amending,Amending
Amount,المبلغ
Amount Based On Field,Amount Based On Field
Amount Field,المبلغ حقل
Amount must be greater than 0.,Amount must be greater than 0.
An error occured during the payment process. Please contact us.,An error occured during the payment process. Please contact us.
An error occurred while setting Session Defaults,An error occurred while setting Session Defaults
An icon file with .ico extension. Should be 16 x 16 px. Generated using a favicon generator. [favicon-generator.org],An icon file with .ico extension. Should be 16 x 16 px. Generated using a favicon generator. [favicon-generator.org]
Analytics,التحليلات
Ancestors Of,Ancestors Of
and,و
Andaman and Nicobar Islands,Andaman and Nicobar Islands
Andhra Pradesh,Andhra Pradesh
Annual,سنوي
Anonymous,Anonymous
Another transaction is blocking this one. Please try again in a few seconds.,Another transaction is blocking this one. Please try again in a few seconds.
"Another {0} with name {1} exists, select another name","Another {0} with name {1} exists, select another name"
Any string-based printer languages can be used. Writing raw commands requires knowledge of the printer's native language provided by the printer manufacturer. Please refer to the developer manual provided by the printer manufacturer on how to write their native commands. These commands are rendered on the server side using the Jinja Templating Language.,Any string-based printer languages can be used. Writing raw commands requires knowledge of the printer's native language provided by the printer manufacturer. Please refer to the developer manual provided by the printer manufacturer on how to write their native commands. These commands are rendered on the server side using the Jinja Templating Language.
ap-east-1,ap-east-1
ap-northeast-1,ap-northeast-1
ap-northeast-2,ap-northeast-2
ap-northeast-3,ap-northeast-3
ap-south-1,ap-south-1
ap-southeast-1,ap-southeast-1
ap-southeast-2,ap-southeast-2
"Apart from System Manager, roles with Set User Permissions right can set permissions for other users for that Document Type.","Apart from System Manager, roles with Set User Permissions right can set permissions for other users for that Document Type."
API,واجهة API
API Access,واجهة API الوصول
Api Access,واجهة API الوصول
API Endpoint,واجهة API نقطة نهاية
API Endpoint Args,API Endpoint Args
API Key,واجهة API مفتاح
API Key cannot be  regenerated,API Key cannot be  regenerated
API Key of the user(Event Subscriber) on the producer site,API Key of the user(Event Subscriber) on the producer site
API Method,واجهة API طريقة
API Password,واجهة API كلمة المرور
API Secret,واجهة API سري
API Secret of the user(Event Subscriber) on the producer site,API Secret of the user(Event Subscriber) on the producer site
API Username,واجهة API اسم المستخدم
App,تطبيق
App Access Key,تطبيق الوصول مفتاح
App Client ID,تطبيق العميل المعرّف
App Client Secret,تطبيق العميل سري
App Name,اسم التطبيق
App not found,لم يُعثر على تطبيق
App Secret Key,تطبيق سري مفتاح
App {0} already installed,تطبيق {0} بالفعل مُثبَّت
App {0} is not installed,تطبيق {0} هو لا مُثبَّت
"Append as communication against this DocType (must have fields, ""Status"", ""Subject"")","Append as communication against this Doc Type (must have fields, ""Status"", ""Subject"")"
Append Emails to Sent Folder,Append Emails to Sent Folder
Append To,Append To
Append To can be one of {0},Append To can be one of {0}
Append To is mandatory for incoming mails,Append To is mandatory for incoming mails
Applicable Document Types,Applicable Document Types
Applicable For,Applicable For
Application Logo,Application Logo
Application Name,اسم تطبيق
Application Version,تطبيق إصدار
Applied On,Applied On
Apply,تطبيق
Apply Assignment Rule,Apply Assignment Rule
Apply Document Permissions,تطبيق مستند صلاحيات
Apply Only Once,تطبيق فقط مرة
Apply Strict User Permissions,Apply Strict User Permissions
Apply this rule if the User is the Owner,Apply this rule if the User is the Owner
Apply this rule only once per document,Apply this rule only once per document
Apply To All Document Types,تطبيق إلى الكل مستند أنواع
Apply to all Documents Types,تطبيق إلى كل المستندات أنواع
Applying: {0},Applying: {0}
Appreciate,Appreciate
Appreciation,Appreciation
Approval Required,موافقة مطلوب
Approval Status,حالة موافقة
Approved,معتمد
Archive,أرشفة
Archived,مؤرشف
Archived Columns,مؤرشف أعمدة
Are you sure you want to delete all rows?,Are you sure you want to delete all rows?
Are you sure you want to delete the attachment?,Are you sure you want to delete the attachment?
Are you sure you want to delete this post?,Are you sure you want to delete this post?
Are you sure you want to generate a new report?,Are you sure you want to generate a new report?
Are you sure you want to merge {0} with {1}?,Are you sure you want to merge {0} with {1}?
Are you sure you want to relink this communication to {0}?,Are you sure you want to relink this communication to {0}?
Are you sure you want to reset all customizations?,Are you sure you want to reset all customizations?
Are you sure you want to save this document?,Are you sure you want to save this document?
Are you sure?,Are you sure?
Arial,Arial
arrow-down,سهم أسفل
arrow-left,سهم يسار
arrow-right,سهم يمين
arrow-up,سهم أعلى
Arunachal Pradesh,Arunachal Pradesh
"As a best practice, do not assign the same set of permission rule to different Roles. Instead, set multiple Roles to the same User.","As a best practice, do not assign the same set of permission rule to different Roles. Instead, set multiple Roles to the same User."
ASC,ASC
Assam,Assam
Assign,تعيين
Assign Condition,تعيين شرط
"Assign one by one, in sequence","Assign one by one, in sequence"
Assign To,تعيين إلى
Assign to me,تعيين إلى لي
Assign to the one who has the least assignments,Assign to the one who has the least assignments
Assign to the user set in this field,Assign to the user set in this field
Assign To Users,تعيين إلى مستخدمون
Assigned,مُسند
Assigned By,مُسند بواسطة
Assigned By Full Name,اسم مُسند بواسطة كامل
Assigned By Me,مُسند بواسطة لي
Assigned To,مُسند إلى
Assigned To/Owner,مُسند إلى/المالك
Assignment,Assignment
Assignment closed by {0},Assignment closed by {0}
Assignment Complete,Assignment Complete
Assignment Completed,Assignment Completed
Assignment Day {0} has been repeated.,Assignment Day {0} has been repeated.
Assignment Days,Assignment Days
Assignment for {0} {1},Assignment for {0} {1}
Assignment Rule,Assignment Rule
Assignment Rule Day,Assignment Rule Day
Assignment Rule User,Assignment Rule User
Assignment Rules,Assignment Rules
Assignment Update on {0},Assignment Update on {0}
Assignments,Assignments
asterisk,asterisk
Atleast one field of Parent Document Type is mandatory,Atleast one field of Parent Document Type is mandatory
Attach,Attach
Attach a web link,Attach a web link
Attach Document Print,Attach Document Print
Attach File,Attach File
Attach file,Attach file
Attach file for Import,Attach file for Import
Attach files / urls and add in table.,Attach files / urls and add in table.
Attach Image,Attach Image
Attach Print,Attach Print
Attach Your Picture,Attach Your Picture
Attached File,Attached File
Attached To DocType,Attached To Doc Type
Attached To Field,Attached To Field
Attached To Name,Attached To Name
Attachment,مرفق
Attachment Limit (MB),مرفق حد (MB)
Attachment Link,مرفق رابط
Attachment Removed,مرفق أُزيل
Attachments,مرفقات
Attempting Connection to QZ Tray...,Attempting Connection to QZ Tray...
Attempting to launch QZ Tray...,Attempting to launch QZ Tray...
Auth Token,Auth Token
Auth URL Data,Auth URL Data
Authenticating...,Authenticating...
Authentication,Authentication
Authentication Apps you can use are:,Authentication Apps you can use are:
Authentication Credentials,Authentication Credentials
Authentication failed while receiving emails from Email Account: {0}.,Authentication failed while receiving emails from Email Account: {0}.
Author,المؤلف
Authorization Code,Authorization Code
Authorize API Indexing  Access,Authorize API Indexing  Access
Authorize Google Calendar Access,Authorize Google Calendar Access
Authorize Google Contacts Access,Authorize Google Contacts Access
Authorize Google Drive Access,Authorize Google Drive Access
Authorize URL,Authorize URL
Authorized,مُصرَّح
Auto,آلي
Auto assignment failed: {0},Auto assignment failed: {0}
Auto Email Report,تقرير آلي البريد الإلكتروني
Auto Name,اسم آلي
Auto Repeat,Auto Repeat
Auto Repeat created for this document,Auto Repeat created for this document
Auto Repeat Document Creation Failed,Auto Repeat Document Creation Failed
Auto Repeat Document Creation Failure,Auto Repeat Document Creation Failure
Auto Repeat failed for {0},Auto Repeat failed for {0}
Auto Reply Message,Auto Reply Message
Automatic Linking can be activated only for one Email Account.,Automatic Linking can be activated only for one Email Account.
Automatic Linking can be activated only if Incoming is enabled.,Automatic Linking can be activated only if Incoming is enabled.
Automatically Assign Documents to Users,تلقائيًا تعيين المستندات إلى مستخدمون
Automatically generates recurring documents.,Automatically generates recurring documents.
Automation,Automation
Avatar,Avatar
Average,متوسط
Average of {0},متوسط من {0}
Avoid dates and years that are associated with you.,Avoid dates and years that are associated with you.
Avoid recent years.,Avoid recent years.
Avoid sequences like abc or 6543 as they are easy to guess,Avoid sequences like abc or 6543 as they are easy to guess
Avoid years that are associated with you.,Avoid years that are associated with you.
Awaiting Password,Awaiting Password
Awaiting password,Awaiting password
Away,Away
Back to Desk,رجوع إلى المكتب
Back to Home,رجوع إلى الرئيسية
Back to Login,رجوع إلى تسجيل الدخول
Background Color,خلفية لون
Background Email Queue,خلفية البريد الإلكتروني الانتظار
Background Jobs,خلفية مهام
Background Workers,Background Workers
Backing up to Google Drive.,Backing up to Google Drive.
Backup,النسخ الاحتياطي
Backup Details,تفاصيل النسخ الاحتياطي
Backup Files,النسخ الاحتياطي ملفات
Backup Folder ID,النسخ الاحتياطي مجلد المعرّف
Backup Folder Name,اسم النسخ الاحتياطي مجلد
Backup Frequency,النسخ الاحتياطي التكرار
Backup job is already queued. You will receive an email with the download link,Backup job is already queued. You will receive an email with the download link
Backup Limit,النسخ الاحتياطي حد
Backup public and private files along with the database.,Backup public and private files along with the database.
Backups,Backups
backward,إلى الخلف
ban-circle,ban-circle
Banner,Banner
Banner HTML,Banner HTML
Banner Image,Banner Image
Banner is above the Top Menu Bar.,Banner is above the Top Menu Bar.
Bar,Bar
Barcode,Barcode
barcode,barcode
Base Distinguished Name (DN),Base Distinguished Name (DN)
Base URL,Base URL
Based On,Based On
Based on Field,Based on Field
Based on Permissions For User,Based on Permissions For User
Basic,Basic
BCC,BCC
Before Cancel,قبل إلغاء
Before Delete,قبل حذف
Before Insert,Before Insert
Before Save,قبل حفظ
Before Save (Submitted Document),قبل حفظ (مُرسل مستند)
Before Submit,قبل إرسال
Beginner,Beginner
Beginning with,Beginning with
beginning with,beginning with
bell,bell
Beta,Beta
Better add a few more letters or another word,Better add a few more letters or another word
Between,بين
Bihar,Bihar
Billing,الفوترة
Bio,Bio
Birth Date,Birth Date
Blank Template,Blank Template
Block Module,كتلة وحدة
Block Modules,كتلة الوحدات
Blocked,محظور
Blog,مدونة
Blog Category,مدونة الفئة
Blog Intro,Blog Intro
Blog Introduction,مدونة مقدمة
Blog Post,مدونة منشور
Blog Settings,إعدادات مدونة
Blog Title,مدونة العنوان
Blogger,Blogger
blue,blue
Bold,Bold
bold,bold
book,book
bookmark,bookmark
Bot,Bot
Both DocType and Name required,Both Doc Type and Name required
Both login and password required,كلاهما تسجيل الدخول و كلمة المرور مطلوب
Bottom,أسفل
Bounced,Bounced
Braintree payment gateway settings,Braintree payment gateway settings
Braintree Settings,Braintree Settings
Brand,العلامة
Brand HTML,العلامة HTML
Brand Image,العلامة صورة
Breadcrumbs,Breadcrumbs
briefcase,briefcase
Browse,تصفح
"browse,","تصفح ,"
Browser,Browser
Browser not supported,Browser not supported
Browser Version,Browser Version
Brute Force Security,Brute Force Security
Bucket Name,Bucket Name
Build Report,تقرير بناء
Bulk Delete,Bulk Delete
Bulk Edit {0},Bulk Edit {0}
Bulk Rename,Bulk Rename
Bulk Update,تحديث جماعي
bullhorn,bullhorn
Button,Button
Button Gradients,Button Gradients
Button Help,Button Help
Button Label,Button Label
Button Rounded Corners,Button Rounded Corners
Button Shadows,Button Shadows
"By default the title is used as meta title, adding a value here will override it.","By default the title is used as meta title, adding a value here will override it."
by Role,بواسطة الدور
Bypass Restricted IP Address Check If Two Factor Auth Enabled,Bypass Restricted IP Address Check If Two Factor Auth Enabled
Bypass restricted IP Address check If Two Factor Auth Enabled,Bypass restricted IP Address check If Two Factor Auth Enabled
Bypass Two Factor Auth for users who login from restricted IP Address,Bypass Two Factor Auth for users who login from restricted IP Address
ca-central-1,ca-central-1
Cache Cleared,Cache Cleared
Calculate,Calculate
Calendar,التقويم
calendar,تقويم
Calendar Name,اسم التقويم
Calendar View,التقويم عرض
Call,Call
Call To Action,Call To Action
Call To Action URL,Call To Action URL
Callback Message,Callback Message
Callback Title,Callback Title
Callback URL,Callback URL
Camera,Camera
camera,camera
Can Read,يمكن قراءة
Can Share,يمكن مشاركة
Can Write,يمكن كتابة
Can't identify open {0}. Try something else.,Can't identify open {0}. Try something else.
Can't save the form as data import is in progress.,Can't save the form as data import is in progress.
Cancel,إلغاء
Cancel All Documents,إلغاء الكل المستندات
Cancel {0} documents?,إلغاء {0} مستندات?
CANCELLED,أُلغي
Cancelled,ملغى
Cancelled Document restored as Draft,ملغى مستند استُعيد كـ مسودة
cancelled this document,أُلغي هذا مستند
cancelled this document {0},أُلغي هذا مستند {0}
Cancelling,Cancelling
Cancelling documents,Cancelling documents
Cancelling {0},Cancelling {0}
Cannot cancel before submitting. See Transition {0},Cannot cancel before submitting. See Transition {0}
Cannot change docstatus from 0 to 2,Cannot change docstatus from 0 to 2
Cannot change docstatus from 1 to 0,Cannot change docstatus from 1 to 0
Cannot change header content,Cannot change header content
Cannot change state of Cancelled Document. Transition row {0},Cannot change state of Cancelled Document. Transition row {0}
Cannot change user details in demo. Please signup for a new account at https://erpnext.com,Cannot change user details in demo. Please signup for a new account at https://erpnext.com
Cannot create a {0} against a child document: {1},Cannot create a {0} against a child document: {1}
Cannot delete file as it belongs to {0} {1} for which you do not have permissions,Cannot delete file as it belongs to {0} {1} for which you do not have permissions
Cannot delete Home and Attachments folders,لا يمكن حذف الرئيسية و مرفقات مجلدات
Cannot delete or cancel because {0} {1} is linked with {2} {3} {4},لا يمكن حذف أو إلغاء لأن {0} {1} هو مرتبط مع {2} {3} {4}
Cannot delete standard action. You can hide it if you want,لا يمكن حذف معيار إجراء. أنت يمكن إخفاء هو إذا أنت يريد
Cannot delete standard field. You can hide it if you want,لا يمكن حذف معيار حقل. أنت يمكن إخفاء هو إذا أنت يريد
Cannot delete standard link. You can hide it if you want,لا يمكن حذف معيار رابط. أنت يمكن إخفاء هو إذا أنت يريد
Cannot delete {0},لا يمكن حذف {0}
Cannot delete {0} as it has child nodes,لا يمكن حذف {0} كـ هو لديه فرعي عقد
Cannot edit a standard report. Please duplicate and create a new report,لا يمكن تعديل a معيار تقرير. يرجى مكرر و إنشاء a جديد تقرير
Cannot edit cancelled document,لا يمكن تعديل أُلغي مستند
Cannot edit filters for standard charts,لا يمكن تعديل المرشحات لـ معيار مخططات
Cannot edit standard fields,لا يمكن تعديل معيار حقول
"Cannot edit Standard Notification. To edit, please disable this and duplicate it","لا يمكن تعديل معيار إشعار. إلى تعديل, يرجى تعطيل هذا و مكرر هو"
Cannot have multiple printers mapped to a single print format.,Cannot have multiple printers mapped to a single print format.
Cannot link cancelled document: {0},لا يمكن رابط أُلغي مستند: {0}
Cannot map because following condition fails:,Cannot map because following condition fails:
Cannot match column {0} with any field,لا يمكن مطابقة عمود {0} مع أي حقل
Cannot move row,لا يمكن نقل صف
Cannot open instance when its {0} is open,لا يمكن مفتوح مثيل عند الخاص به {0} هو مفتوح
Cannot open {0} when its instance is open,لا يمكن مفتوح {0} عند الخاص به مثيل هو مفتوح
Cannot Remove,لا يمكن إزالة
Cannot remove ID field,لا يمكن إزالة المعرّف حقل
Cannot set Notification on Document Type {0},لا يمكن تعيين إشعار في مستند النوع {0}
Cannot update {0},لا يمكن تحديث {0}
Cannot use sub-query in order by,Cannot use sub-query in order by
Cannot {0} {1},لا يمكن {0} {1}
Capitalization doesn't help very much.,Capitalization doesn't help very much.
Card,بطاقة
Card Details,تفاصيل بطاقة
Card Label,بطاقة التسمية
Cards,بطاقات
Categorize blog posts.,Categorize blog posts.
Category,الفئة
Category Description,الفئة الوصف
Category Name,اسم الفئة
"CC, BCC & Email Template","CC, BCC & Email Template"
Cent,Cent
Center,مركز
"Certain documents, like an Invoice, should not be changed once final. The final state for such documents is called Submitted. You can restrict which roles can Submit.","Certain documents, like an Invoice, should not be changed once final. The final state for such documents is called Submitted. You can restrict which roles can Submit."
certificate,شهادة
Chain Integrity,Chain Integrity
Chaining Hash,Chaining Hash
Chandigarh,Chandigarh
Change,Change
"Change field properties (hide, readonly, permission etc.)","Change field properties (hide, readonly, permission etc.)"
Change Label (via Custom Translation),Change Label (via Custom Translation)
Change Password,Change Password
Change User,Change User
changed value of {0},changed value of {0}
changed value of {0} {1},changed value of {0} {1}
changed values for {0},changed values for {0}
changed values for {0} {1},changed values for {0} {1}
Channel,قناة
Chart,الملف الطبي
Chart Configuration,الملف الطبي إعداد
Chart Name,اسم الملف الطبي
Chart Options,الملف الطبي خيارات
Chart Source,الملف الطبي المصدر
Chart Type,نوع المخطط
Charts,مخططات
Chat,Chat
Chat Background,Chat Background
Chat Message,Chat Message
Chat messages and other notifications.,Chat messages and other notifications.
Chat Operators,Chat Operators
Chat Profile,Chat Profile
Chat Profile for User {0} exists.,Chat Profile for User {0} exists.
Chat Room,Chat Room
Chat Room Name,Chat Room Name
Chat Room User,Chat Room User
Chat Token,Chat Token
Chat Type,Chat Type
Check,فحص
check,فحص
"Check columns to select, drag to set order.","Check columns to select, drag to set order."
Check Request URL,فحص طلب URL
Check the Error Log for more information: {0},Check the Error Log for more information: {0}
Check this if you are testing your payment using the Sandbox API,Check this if you are testing your payment using the Sandbox API
Check this if you don't want users to sign up for an account on your site. Users won't get desk access unless you explicitly provide it.,Check this if you don't want users to sign up for an account on your site. Users won't get desk access unless you explicitly provide it.
Check this if you want to force the user to select a series before saving. There will be no default if you check this.,Check this if you want to force the user to select a series before saving. There will be no default if you check this.
Check this to pull emails from your mailbox,Check this to pull emails from your mailbox
Check which Documents are readable by a User,Check which Documents are readable by a User
Checking one moment,Checking one moment
"Checking this will enable tracking page views for blogs, web pages, etc.","Checking this will enable tracking page views for blogs, web pages, etc."
Checking this will hide custom doctypes and reports cards in Links section,Checking this will hide custom doctypes and reports cards in Links section
Checking this will publish the page on your website and it'll be visible to everyone.,Checking this will publish the page on your website and it'll be visible to everyone.
Checking this will show a text area where you can write custom javascript that will run on this page.,Checking this will show a text area where you can write custom javascript that will run on this page.
Checksum Version,Checksum Version
chevron-down,chevron-down
chevron-left,chevron-left
chevron-right,chevron-right
chevron-up,chevron-up
Chhattisgarh,Chhattisgarh
Child Table,فرعي جدول
Child Table Mapping,Child Table Mapping
Child Tables are shown as a Grid in other DocTypes,Child Tables are shown as a Grid in other Doc Types
choose an,choose an
Choose authentication method to be used by all users,Choose authentication method to be used by all users
Choose Existing Card or create New Card,Choose Existing Card or create New Card
circle-arrow-down,دائرة سهم أسفل
circle-arrow-left,دائرة سهم يسار
circle-arrow-right,دائرة سهم يمين
circle-arrow-up,دائرة سهم أعلى
City,المدينة
City/Town,City/Town
Clear,مسح
clear,مسح
Clear Activity Log After,مسح النشاط السجل بعد
Clear all roles,مسح كل أدوار
Clear Cache and Reload,مسح ذاكرة مؤقتة و إعادة تحميل
Clear Email Queue After,مسح البريد الإلكتروني الانتظار بعد
Clear Error log After,مسح خطأ سجل بعد
Clear Error Logs,مسح خطأ سجلات
Clear Filters,مسح المرشحات
Clear User Permissions,مسح مستخدم صلاحيات
"Clearing end date, as it cannot be in the past for published pages.","Clearing end date, as it cannot be in the past for published pages."
Click here to post bugs and suggestions,Click here to post bugs and suggestions
Click here to verify,Click here to verify
Click on <b>Authorize Google Drive Access</b> to authorize Google Drive Access.,Click on <b>Authorize Google Drive Access</b> to authorize Google Drive Access.
Click on a file to select it.,Click on a file to select it.
Click On Customize to add your first widget,Click On Customize to add your first widget
Click on the link below to approve the request,Click on the link below to approve the request
Click on the link below to complete your registration and set a new password,Click on the link below to complete your registration and set a new password
Click on the link below to download your data,Click on the link below to download your data
Click on the link below to verify your request,Click on the link below to verify your request
Click on the lock icon to toggle public/private,Click on the lock icon to toggle public/private
Click on the row for accessing filters.,Click on the row for accessing filters.
Click on {0} to generate Refresh Token.,Click on {0} to generate Refresh Token.
Click table to edit,Click table to edit
Click to Set Dynamic Filters,Click to Set Dynamic Filters
Click to Set Filters,Click to Set Filters
Clicked,Clicked
Client,العميل
Client Code,رمز العميل
Client Credentials,Client Credentials
Client ID,العميل المعرّف
Client Information,العميل معلومات
Client Script,Client Script
Client Secret,العميل سري
Client side script extensions in Javascript,Client side script extensions in Javascript
Client URLs,Client URLs
Close,إغلاق
Close Condition,إغلاق شرط
Closed,مغلق
cn-north-1,cn-north-1
cn-northwest-1,cn-northwest-1
Code,الرمز
cog,cog
Collapse,Collapse
Collapse All,طي الكل
Collapsible,Collapsible
Collapsible Depends On,Collapsible Depends On
Color,لون
Column,عمود
Column <b>{0}</b> already exist.,Column <b>{0}</b> already exist.
Column Break,Column Break
Column Labels:,Column Labels:
Column Name,اسم عمود
Column Name cannot be empty,عمود الاسم لا يمكن يكون فارغ
Columns,أعمدة
Columns / Fields,أعمدة / حقول
Columns based on,Columns based on
Combination of Grant Type (<code>{0}</code>) and Response Type (<code>{1}</code>) not allowed,Combination of Grant Type (<code>{0}</code>) and Response Type (<code>{1}</code>) not allowed
Comment,تعليق
comment,تعليق
Comment By,تعليق بواسطة
Comment can only be edited by the owner,Comment can only be edited by the owner
Comment Email,تعليق البريد الإلكتروني
Comment Type,نوع تعليق
Commented on {0}: {1},Commented on {0}: {1}
Comments,تعليقات
comments,تعليقات
Comments and Communications will be associated with this linked document,Comments and Communications will be associated with this linked document
Comments cannot have links or email addresses,Comments cannot have links or email addresses
Comments on this blog post will be disabled if checked.,تعليقات في هذا مدونة منشور سوف يكون معطّل إذا محدد.
Commit,Commit
Common names and surnames are easy to guess.,Common names and surnames are easy to guess.
Communicated via {0} on {1}: {2},Communicated via {0} on {1}: {2}
Communication,Communication
Communication Link,Communication Link
Communication Type,Communication Type
Community Contribution,Community Contribution
Compact Item Print,Compact Item Print
Company,الشركة
Company History,سجل الشركة
Company Introduction,الشركة مقدمة
Company Name,اسم الشركة
"Company, Fiscal Year and Currency defaults","Company, Fiscal Year and Currency defaults"
Compiled Successfully,Compiled Successfully
Complete,مكتمل
Complete By,مكتمل بواسطة
Complete Registration,مكتمل تسجيل
Complete Setup,مكتمل الإعداد
Completed,مكتمل
Component,مكوّن
Compose Email,Compose Email
Condition,شرط
Condition Detail,شرط تفصيل
Conditions,شروط
Configure Chart,إعداد الملف الطبي
Configure Charts,إعداد مخططات
"Configure notifications for mentions, assignments, energy points and more.","Configure notifications for mentions, assignments, energy points and more."
Confirm,تأكيد
Confirm Deletion of Data,Confirm Deletion of Data
Confirm New Password,تأكيد جديد كلمة المرور
Confirm Request,تأكيد طلب
Confirm Translations,Confirm Translations
Confirm Your Email,تأكيد الخاص بك البريد الإلكتروني
Confirmation Email Template,Confirmation Email Template
Confirmed,مؤكد
Connected to QZ Tray!,Connected to QZ Tray!
Connection lost. Some features might not work.,Connection lost. Some features might not work.
Connection Name,اسم اتصال
Connection Success,اتصال نجاح
Connector Name,اسم موصل
Connector Type,نوع موصل
Console,Console
Console Log,Console Log
Contact,جهة اتصال
Contact Details,تفاصيل جهة اتصال
Contact Email,جهة اتصال البريد الإلكتروني
Contact Numbers,Contact Numbers
"Contact options, like ""Sales Query, Support Query"" etc each on a new line or separated by commas.","Contact options, like ""Sales Query, Support Query"" etc each on a new line or separated by commas."
Contact Phone,جهة اتصال الهاتف
Contact Synced with Google Contacts.,Contact Synced with Google Contacts.
Contact Us Settings,إعدادات جهة اتصال لنا
Contacts,جهات اتصال
Content,محتوى
Content (HTML),محتوى (HTML)
Content (Markdown),محتوى (تخفيض)
Content Hash,محتوى تجزئة
Content Type,نوع محتوى
Content type for building the page,Content type for building the page
Content web page.,Content web page.
Context,السياق
Context Script,Context Script
Continue,متابعة
Contribute Translations,Contribute Translations
Contributed,Contributed
Contributed Translations,Contributed Translations
Contribution Document Name,Contribution Document Name
Contribution Status,Contribution Status
Controller method get_razorpay_order missing,Controller method get_razorpay_order missing
Conversation Tones,Conversation Tones
Copied to clipboard.,Copied to clipboard.
Copyright,Copyright
Core,النواة
Core DocTypes cannot be customized.,Core Doc Types cannot be customized.
Core Modules {0} cannot be searched in Global Search.,Core Modules {0} cannot be searched in Global Search.
Could not connect to outgoing email server,Could not connect to outgoing email server
Could not create razorpay order,Could not create razorpay order
Could not create Razorpay order. Please contact Administrator,Could not create Razorpay order. Please contact Administrator
Could not find {0},تعذّر اعثر {0}
Could not find {0} in {1},تعذّر اعثر {0} في {1}
Could not identify {0},Could not identify {0}
Could not map column {0} to field {1},تعذّر خريطة عمود {0} إلى حقل {1}
Could not save customization,Could not save customization
Couldn't Load Desk,Couldn't Load Desk
"Couldn't save, please check the data you have entered","Couldn't save, please check the data you have entered"
Count,عدد
Count Customizations,عدد تخصيصات
Count Filter,عدد تصفية
Counter,Counter
Country,الدولة
Country Name,اسم الدولة
County,County
Create,أنشئ
Create a New Format,أنشئ a جديد تنسيق
Create a new record,أنشئ a جديد سجل
Create a new {0},أنشئ a جديد {0}
Create and manage newsletter,أنشئ و إدارة نشرة
Create and Send Newsletters,Create and Send Newsletters
Create Card,أنشئ بطاقة
Create Chart,أنشئ الملف الطبي
Create Contacts from Incoming Emails,Create Contacts from Incoming Emails
Create Entry,أنشئ قيد
Create Log,سجل أنشئ
Create New,أنشئ جديد
Create Post,أنشئ منشور
Create User Email,أنشئ مستخدم البريد الإلكتروني
Create your first {0},أنشئ الخاص بك أول {0}
Created,تاريخ الإنشاء
created,أُنشئ
Created By,تاريخ الإنشاء بواسطة
Created Custom Field {0} in {1},تاريخ الإنشاء مخصص حقل {0} في {1}
Created On,تاريخ الإنشاء
created {0},أُنشئ {0}
Created {0} records successfully.,Created {0} records successfully.
Creating {0},Creating {0}
Criticism,Criticism
Criticize,Criticize
Cron,Cron
Cron Format,Cron Format
Crop,Crop
CSS,CSS
CSS Class,CSS فئة
CSV,CSV
CTA,CTA
CTA Label,CTA Label
CTA URL,CTA URL
Ctrl + Down,Ctrl + أسفل
Ctrl + Up,Ctrl + أعلى
Ctrl+Enter to add comment,Ctrl+Enter to add comment
Currency,العملة
Currency Name,اسم العملة
Currency Precision,Currency Precision
Current,Current
Current Mapping,Current Mapping
Current Mapping Action,Current Mapping Action
Current Mapping Delete Start,Current Mapping Delete Start
Current Mapping Start,Current Mapping Start
Current Mapping Type,Current Mapping Type
Current status,Current status
Currently Replying,Currently Replying
Currently updating {0},Currently updating {0}
Currently Viewing,Currently Viewing
Currently you have {0} review points,Currently you have {0} review points
Custom,مخصص
Custom Base URL,Custom Base URL
Custom Configuration,مخصص إعداد
Custom CSS,مخصص CSS
Custom DocPerm,Custom Doc Perm
Custom Documents,المستندات المخصصة
Custom Field,مخصص حقل
Custom Field {0} is created by the Administrator and can only be deleted through the Administrator account.,Custom Field {0} is created by the Administrator and can only be deleted through the Administrator account.
Custom Fields can only be added to a standard DocType.,Custom Fields can only be added to a standard Doc Type.
Custom Fields cannot be added to core DocTypes.,Custom Fields cannot be added to core Doc Types.
Custom Format,مخصص تنسيق
Custom HTML,مخصص HTML
Custom HTML Help,مخصص HTML مساعدة
Custom JS,مخصص JS
Custom Menu Items,مخصص القائمة أصناف
Custom Options,مخصص خيارات
Custom Overrides,Custom Overrides
Custom Report,تقرير مخصص
Custom Reports,مخصص تقارير
Custom Role,مخصص الدور
Custom Script,Custom Script
Custom SCSS,Custom SCSS
Custom Sidebar Menu,Custom Sidebar Menu
Custom Translations,Custom Translations
Custom?,مخصص?
Customization,Customization
Customizations for <b>{0}</b> exported to:<br>{1},تخصيصات لـ <b>{0}</b> مُصدَّر to:<br>{1}
Customizations Reset,تخصيصات إعادة ضبط
Customizations Saved Successfully,Customizations Saved Successfully
Customize,تخصيص
Customize Form,تخصيص النموذج
Customize Form Field,تخصيص نموذج حقل
"Customize Label, Print Hide, Default etc.","Customize Label, Print Hide, Default etc."
Customize Workspace,تخصيص مساحة العمل
Customize...,تخصيص...
"Customized Formats for Printing, Email","Customized Formats for Printing, Email"
Customized HTML Templates for printing transactions.,Customized HTML Templates for printing transactions.
Cut,Cut
Dadra and Nagar Haveli,Dadra and Nagar Haveli
Daily,يومي
Daily Event Digest is sent for Calendar Events where reminders are set.,Daily Event Digest is sent for Calendar Events where reminders are set.
Daily Events should finish on the Same Day.,Daily Events should finish on the Same Day.
Daily Long,Daily Long
Daman and Diu,Daman and Diu
Danger,Danger
danger,danger
Dark Color,Dark Color
darkgrey,darkgrey
Dashboard,لوحة المعلومات
dashboard,لوحة معلومات
Dashboard Chart,مخطط لوحة
Dashboard Chart Field,لوحة المعلومات الملف الطبي حقل
Dashboard Chart Link,لوحة المعلومات الملف الطبي رابط
Dashboard Chart Source,لوحة المعلومات الملف الطبي المصدر
Dashboard Manager,لوحة المعلومات مدير
Dashboard Name,اسم لوحة المعلومات
Dashboard Settings,إعدادات لوحة المعلومات
Dashboards,Dashboards
Data,بيانات
Data Export,بيانات تصدير
Data Import,بيانات استيراد
Data Import Legacy,بيانات استيراد قديم
Data Import Template,بيانات استيراد قالب
Data Migration,بيانات الترحيل
Data Migration Connector,بيانات الترحيل موصل
Data Migration Mapping,Data Migration Mapping
Data Migration Mapping Detail,Data Migration Mapping Detail
Data Migration Plan,بيانات الترحيل الخطة
Data Migration Plan Mapping,Data Migration Plan Mapping
Data Migration Run,بيانات الترحيل تشغيل
Data missing in table,بيانات مفقود في جدول
Data Too Long,Data Too Long
Database Engine,Database Engine
Database Name,اسم قاعدة البيانات
Date,التاريخ
Date and Number Format,التاريخ و الرقم تنسيق
Date Format,التاريخ تنسيق
Date {0} must be in format: {1},التاريخ {0} يجب يكون في تنسيق: {1}
Dates are often easy to guess.,Dates are often easy to guess.
Datetime,تاريخ ووقت
Day,يوم
Day of Week,يوم من أسبوع
Days After,أيام بعد
Days Before,أيام قبل
Days Before or After,أيام قبل أو بعد
dd-mm-yyyy,dd-mm-yyyy
dd.mm.yyyy,dd.mm.yyyy
dd/mm/yyyy,dd/mm/yyyy
Dear,Dear
"Dear System Manager,","Dear System Manager,"
"Dear User,","Dear User,"
Dear {0},Dear {0}
Default,افتراضي
Default Address Template cannot be deleted,افتراضي العنوان قالب لا يمكن يكون حُذف
Default for 'Check' type of field {0} must be either '0' or '1',Default for 'Check' type of field {0} must be either '0' or '1'
Default Inbox,افتراضي البريد الوارد
Default Incoming,Default Incoming
Default Letter Head,Default Letter Head
Default Outgoing,Default Outgoing
Default Portal Home,افتراضي بوابة الرئيسية
Default Print Format,افتراضي طباعة تنسيق
Default Print Language,افتراضي طباعة اللغة
Default Redirect URI,Default Redirect URI
Default Role at Time of Signup,Default Role at Time of Signup
Default Role on Creation,Default Role on Creation
Default Sending,Default Sending
Default Sending and Inbox,Default Sending and Inbox
Default Sort Field,افتراضي ترتيب حقل
Default Sort Order,افتراضي ترتيب أمر
Default Theme,افتراضي سمة
Default Value,افتراضي القيمة
Default value for {0} must be in the list of options.,Default value for {0} must be in the list of options.
Default {0},افتراضي {0}
"Default: ""Contact Us""","افتراضي: ""جهة اتصال لنا"""
Defaults,Defaults
DefaultValue,افتراضي القيمة
Define workflows for forms.,Define workflows for forms.
Defines actions on states and the next step and allowed roles.,Defines actions on states and the next step and allowed roles.
Defines workflow states and rules for a document.,Defines workflow states and rules for a document.
Delayed,Delayed
Delete,حذف
Delete All,حذف الكل
Delete and Generate New,حذف و إنشاء جديد
Delete comment?,حذف تعليق?
Delete Data,حذف بيانات
Delete this record to allow sending to this email address,Delete this record to allow sending to this email address
Delete {0} items permanently?,Delete {0} items permanently?
Deleted,حُذف
Deleted DocType,Deleted Doc Type
Deleted Document,حُذف مستند
Deleted Documents,حُذف المستندات
Deleted Name,اسم حُذف
Deleting {0},Deleting {0}
Delhi,Delhi
Delivery Failed,تسليم فشل
Delivery Status,حالة تسليم
Department,قسم
Depends On,Depends On
DESC,DESC
Descendants Of,Descendants Of
Description,الوصف
"Description for listing page, in plain text, only a couple of lines. (max 200 characters)","Description for listing page, in plain text, only a couple of lines. (max 200 characters)"
Designation,مسمى
Desk,المكتب
Desk Access,المكتب الوصول
Desk Card,المكتب بطاقة
Desk Chart,المكتب الملف الطبي
Desk Page,المكتب صفحة
Desk Shortcut,المكتب اختصار
Desktop,Desktop
Desktop Icon,Desktop Icon
Desktop Icon already exists,Desktop Icon already exists
Details,التفاصيل
Developer,مطور
Developer Mode Only,مطور وضع فقط
Did not add,فعل لا إضافة
Did not cancel,فعل لا إلغاء
Did not find {0} for {0} ({1}),فعل لا اعثر {0} لـ {0} ({1})
Did not remove,فعل لا إزالة
"Different ""States"" this document can exist in. Like ""Open"", ""Pending Approval"" etc.","Different ""States"" this document can exist in. Like ""Open"", ""Pending Approval"" etc."
Digits,Digits
Direct,Direct
Direct room with {0} already exists.,Direct room with {0} already exists.
Disable Auto Refresh,تعطيل آلي تحديث
Disable Comments,تعطيل تعليقات
Disable Count,تعطيل عدد
Disable Customer Signup link in Login page,Disable Customer Signup link in Login page
Disable Prepared Report,Disable Prepared Report
Disable Report,تقرير تعطيل
Disable Sidebar Stats,Disable Sidebar Stats
Disable Signup,Disable Signup
Disable Signup for your site,Disable Signup for your site
Disable SMTP server authentication,Disable SMTP server authentication
Disable Standard Email Footer,تعطيل معيار البريد الإلكتروني تذييل
Disable User Customization,Disable User Customization
Disabled,معطّل
Disabled Auto Reply,Disabled Auto Reply
Discard,Discard
Dismiss,Dismiss
Display,العرض
Display Depends On,Display Depends On
Do not allow user to change after set the first time,Do not allow user to change after set the first time
Do not edit headers which are preset in the template,Do not edit headers which are preset in the template
Do not have permission to access {0} bucket.,Do not have permission to access {0} bucket.
Do not send Emails,Do not send Emails
Do you really want to send this email newsletter?,Do you really want to send this email newsletter?
Do you want to cancel all linked documents?,يفعل أنت يريد إلى إلغاء كل مرتبط مستندات?
Doc Event,Doc Event
Doc Events,Doc Events
Doc Status,Doc Status
DocField,Doc Field
DocPerm,Doc Perm
DocShare,Doc Share
DocType,Doc Type
Doctype,نوع المستند
DocType <b>{0}</b> provided for the field <b>{1}</b> must have atleast one Link field,Doc Type <b>{0}</b> provided for the field <b>{1}</b> must have atleast one Link field
DocType Action,Doc Type Action
DocType can not be merged,Doc Type can not be merged
DocType can only be renamed by Administrator,Doc Type can only be renamed by Administrator
DocType Event,Doc Type Event
DocType is a Table / Form in the application.,Doc Type is a Table / Form in the application.
DocType Link,Doc Type Link
DocType must be Submittable for the selected Doc Event,Doc Type must be Submittable for the selected Doc Event
DocType on which this Workflow is applicable.,Doc Type on which this Workflow is applicable.
Doctype required,نوع المستند مطلوب
DocType View,Doc Type View
DocType's name should not start or end with whitespace,Doc Type's name should not start or end with whitespace
"DocType's name should start with a letter and it can only consist of letters, numbers, spaces and underscores","Doc Type's name should start with a letter and it can only consist of letters, numbers, spaces and underscores"
Document,مستند
Document Actions,مستند إجراءات
Document can't saved.,مستند لا يمكن حُفظ.
Document Follow,Document Follow
Document Follow Notification,Document Follow Notification
Document is only editable by users with role,Document is only editable by users with role
Document Link,مستند رابط
Document Links,مستند روابط
Document Name,اسم مستند
Document Naming Rule,Document Naming Rule
Document Naming Rule Condition,Document Naming Rule Condition
Document Queued,مستند في الانتظار
Document renamed from {0} to {1},Document renamed from {0} to {1}
Document Restoration Summary,Document Restoration Summary
Document Restored,مستند استُعيد
Document Share,مستند مشاركة
Document Share Report,تقرير مستند مشاركة
Document States,Document States
Document Status,حالة مستند
Document Tag,مستند وسم
Document Title,مستند العنوان
Document Type,نوع مستند
Document Type Field Mapping,Document Type Field Mapping
Document Type is not importable,Document Type is not importable
Document Type is not submittable,Document Type is not submittable
Document type is required to create a dashboard chart,مستند النوع مطلوب إلى إنشاء a لوحة معلومات مخطط
Document Type Mapping,Document Type Mapping
Document Type to Track,نوع مستند إلى مسار
Document Type {0} has been repeated.,Document Type {0} has been repeated.
"document type..., e.g. customer","مستند النوع..., e.g. عميل"
Document Types,مستند أنواع
Document {0} Already Restored,مستند {0} بالفعل استُعيد
Document {0} has been set to state {1} by {2},مستند {0} لديه كان تعيين إلى الحالة {1} بواسطة {2}
Documentation Link,توثيق رابط
Documentation URL,توثيق URL
Documents,المستندات
Documents assigned to you and by you.,المستندات مُسند إلى أنت و بواسطة أنت.
Documents restored successfully,Documents restored successfully
Documents that failed to restore,المستندات ذلك فشل إلى استعادة
Documents that were already restored,المستندات ذلك كانوا بالفعل استُعيد
Domain,النطاق
domain name,نطاق الاسم
Domain Settings,إعدادات النطاق
Domains,النطاقات
Domains HTML,النطاقات HTML
Don't create new records,Don't create new records
Don't have an account? Sign up,Don't have an account? Sign up
"Don't HTML Encode HTML tags like &lt;script&gt; or just characters like &lt; or &gt;, as they could be intentionally used in this field","Don't HTML Encode HTML tags like &lt;script&gt; or just characters like &lt; or &gt;, as they could be intentionally used in this field"
Don't Import,Don't Import
"Don't know, ask 'help'","Don't know, ask 'help'"
Don't Override Status,Don't Override Status
Don't Send Emails,Don't Send Emails
Donut,Donut
Download,تحميل
download,تحميل
Download Backups,Download Backups
Download Data,تحميل بيانات
Download Files Backup,تحميل ملفات النسخ الاحتياطي
Download Link,تحميل رابط
Download link for your backup will be emailed on the following email address: {0},Download link for your backup will be emailed on the following email address: {0}
Download Report,تقرير تحميل
Download Template,تحميل قالب
Download template,تحميل قالب
Download with Data,تحميل مع بيانات
Download Your Data,تحميل الخاص بك بيانات
download-alt,download-alt
DRAFT,مسودة
Draft,مسودة
"Drag and drop files,","Drag and drop files,"
Drag and Drop tool to build and customize Print Formats.,Drag and Drop tool to build and customize Print Formats.
Drag elements from the sidebar to add. Drag them back to trash.,Drag elements from the sidebar to add. Drag them back to trash.
Drop,Drop
Drop files here,Drop files here
Drop Here,Drop Here
Dropbox access is approved!,Dropbox access is approved!
Dropbox Access Key,Dropbox Access Key
Dropbox Access Secret,Dropbox Access Secret
Dropbox Access Token,Dropbox Access Token
Dropbox backup settings,Dropbox backup settings
Dropbox Settings,Dropbox Settings
Dropbox Setup,Dropbox Setup
Dropdowns,Dropdowns
Due Date,تاريخ الاستحقاق
Due Date Based On,Due Date Based On
Duplicate,نسخ
Duplicate Filter Name,اسم نسخ تصفية
Duplicate Name,اسم نسخ
Duration,مدة
Dynamic Filters,ديناميكي المرشحات
Dynamic Filters JSON,ديناميكي المرشحات JSON
Dynamic Filters Section,ديناميكي المرشحات قسم
Dynamic Link,ديناميكي رابط
Dynamic Report Filters,ديناميكي تقرير المرشحات
Dynamic Route,ديناميكي مسار
Dynamic Template,ديناميكي قالب
"e.g. ""Support"", ""Sales"", ""Jerry Yang""","e.g. ""Support"", ""Sales"", ""Jerry Yang"""
e.g. (55 + 434) / 4 or =Math.sin(Math.PI/2)...,e.g. (55 + 434) / 4 or =Math.sin(Math.PI/2)...
e.g. pop.gmail.com / imap.gmail.com,e.g. pop.gmail.com / imap.gmail.com
e.g. replies@yourcomany.com. All replies will come to this inbox.,e.g. replies@yourcomany.com. All replies will come to this inbox.
e.g. smtp.gmail.com,e.g. smtp.gmail.com
Edit,تعديل
edit,تعديل
Edit Auto Email Report Settings,إعدادات تقرير تعديل آلي البريد الإلكتروني
Edit Chart,تعديل الملف الطبي
Edit Custom HTML,تعديل مخصص HTML
Edit DocType,Edit Doc Type
Edit Filter,تعديل تصفية
Edit Format,تعديل تنسيق
Edit Heading,Edit Heading
Edit HTML,تعديل HTML
Edit in Full Page,تعديل في كامل صفحة
Edit in full page,تعديل في ممتلئ صفحة
Edit Profile,تعديل الملف الشخصي
Edit Properties,تعديل عقارات
Edit Shortcut,تعديل اختصار
Edit to add content,تعديل إلى إضافة محتوى
Edit Values,تعديل القيم
Edit {0},تعديل {0}
Editable Grid,Editable Grid
Editing Row,Editing Row
Eg. smsgateway.com/api/send_sms.cgi,Eg. smsgateway.com/api/send_sms.cgi
eject,eject
EMail,البريد الإلكتروني
Email,البريد الإلكتروني
email,البريد الإلكتروني
Email / Notifications,البريد الإلكتروني / إشعارات
Email Account,البريد الإلكتروني حساب
Email Account added multiple times,Email Account added multiple times
Email Account Name,اسم البريد الإلكتروني حساب
Email Account not setup. Please create a new Email Account from Setup > Email > Email Account,البريد الإلكتروني حساب لا إعداد. يرجى إنشاء a جديد البريد الإلكتروني حساب من الإعداد > البريد الإلكتروني > البريد الإلكتروني حساب
Email Account setup please enter your password for: {0},Email Account setup please enter your password for: {0}
Email Address,البريد الإلكتروني العنوان
Email address,البريد الإلكتروني العنوان
Email Address whose Google Contacts are to be synced.,Email Address whose Google Contacts are to be synced.
Email Addresses,Email Addresses
Email Domain,البريد الإلكتروني النطاق
"Email Domain not configured for this account, Create one?","Email Domain not configured for this account, Create one?"
Email Flag Queue,Email Flag Queue
Email Footer Address,البريد الإلكتروني تذييل العنوان
Email Group,البريد الإلكتروني مجموعة
Email Group List,قائمة البريد الإلكتروني مجموعة
Email Group Member,البريد الإلكتروني مجموعة عضو
Email has been marked as spam,Email has been marked as spam
Email has been moved to trash,Email has been moved to trash
Email ID,البريد الإلكتروني المعرّف
Email Id,البريد الإلكتروني Id
"Email ID must be unique, Email Account already exists for {0}","Email ID must be unique, Email Account already exists for {0}"
Email IDs,Email IDs
Email Inbox,البريد الإلكتروني البريد الوارد
email inbox,البريد الإلكتروني البريد الوارد
Email Login ID,البريد الإلكتروني تسجيل الدخول المعرّف
Email not sent to {0} (unsubscribed / disabled),Email not sent to {0} (unsubscribed / disabled)
Email not verified with {0},البريد الإلكتروني لا مُحقَّق مع {0}
Email Queue,البريد الإلكتروني الانتظار
Email Queue Recipient,البريد الإلكتروني الانتظار المستلم
Email Queue records.,البريد الإلكتروني الانتظار سجلات.
Email queued to {0} recipients,Email queued to {0} recipients
Email Reply Help,Email Reply Help
Email Rule,البريد الإلكتروني قاعدة
Email Sent,البريد الإلكتروني مُرسل
Email Server,البريد الإلكتروني الخادم
Email Settings,إعدادات البريد الإلكتروني
Email Signature,البريد الإلكتروني التوقيع
Email Status,حالة البريد الإلكتروني
Email Sync Option,البريد الإلكتروني مزامنة خيار
Email Template,البريد الإلكتروني قالب
Email Templates for common queries.,Email Templates for common queries.
Email To,البريد الإلكتروني إلى
Email Unsubscribe,Email Unsubscribe
Emails are muted,Emails are muted
Emails will be sent with next possible workflow actions,Emails will be sent with next possible workflow actions
Embed image slideshows in website pages.,Embed image slideshows in website pages.
empty,فارغ
Enable,تفعيل
Enable / Disable Domains,تفعيل / تعطيل النطاقات
Enable Allow Auto Repeat for the doctype {0} in Customize Form,Enable Allow Auto Repeat for the doctype {0} in Customize Form
Enable Auto Reply,Enable Auto Reply
Enable Auto-deletion of Prepared Reports,Enable Auto-deletion of Prepared Reports
Enable Automatic Backup,تفعيل آلي النسخ الاحتياطي
Enable Automatic Linking in Documents,Enable Automatic Linking in Documents
Enable Chat,Enable Chat
Enable Comments,تفعيل تعليقات
Enable developer mode to create a standard Web Template,Enable developer mode to create a standard Web Template
Enable Email Notifications,تفعيل البريد الإلكتروني إشعارات
Enable Google API in Google Settings.,Enable Google API in Google Settings.
Enable Google Indexing,Enable Google Indexing
Enable In App Website Tracking,Enable In App Website Tracking
Enable Incoming,Enable Incoming
Enable Onboarding,تفعيل انضمام
Enable Outgoing,Enable Outgoing
Enable Password Policy,تفعيل كلمة المرور سياسة
Enable Print Server,تفعيل طباعة الخادم
Enable Raw Printing,Enable Raw Printing
Enable Report,تقرير تفعيل
Enable Scheduled Jobs,تفعيل مجدول مهام
Enable Security,تفعيل الأمان
Enable Social Login,تفعيل اجتماعي تسجيل الدخول
Enable Social Sharing,Enable Social Sharing
Enable Tracking Page Views,Enable Tracking Page Views
Enable Two Factor Auth,Enable Two Factor Auth
Enabled,مفعّل
Enabled email inbox for user {0},مفعّل البريد الإلكتروني البريد الوارد لـ مستخدم {0}
Enabled scheduled execution for script {0},Enabled scheduled execution for script {0}
"Encryption key is invalid, Please check site_config.json","Encryption key is invalid, Please check site_config.json"
End Date,تاريخ النهاية
End Date cannot be before Start Date!,النهاية التاريخ لا يمكن يكون قبل بدء التاريخ!
End Date Field,النهاية التاريخ حقل
Endpoint URL,نقطة نهاية URL
Ends on,Ends on
Energy Point,Energy Point
Energy Point Log,Energy Point Log
Energy Point Rule,Energy Point Rule
Energy Point Settings,Energy Point Settings
Energy Point Update on {0},Energy Point Update on {0}
Energy Points,Energy Points
Energy Points:,Energy Points:
Enter Client Id and Client Secret in Google Settings.,Enter Client Id and Client Secret in Google Settings.
Enter Code displayed in OTP App.,Enter Code displayed in OTP App.
"Enter default value fields (keys) and values. If you add multiple values for a field, the first one will be picked. These defaults are also used to set ""match"" permission rules. To see list of fields, go to ""Customize Form"".","Enter default value fields (keys) and values. If you add multiple values for a field, the first one will be picked. These defaults are also used to set ""match"" permission rules. To see list of fields, go to ""Customize Form""."
Enter Email Recipient(s),Enter Email Recipient(s)
Enter folder name,Enter folder name
Enter Form Type,Enter Form Type
"Enter keys to enable login via Facebook, Google, GitHub.","Enter keys to enable login via Facebook, Google, Git Hub."
Enter python module or select connector type,Enter python module or select connector type
"Enter static url parameters here (Eg. sender=ERPNext, username=ERPNext, password=1234 etc.)","Enter static url parameters here (Eg. sender=ERPNext, username=ERPNext, password=1234 etc.)"
Enter url parameter for message,Enter url parameter for message
Enter url parameter for receiver nos,Enter url parameter for receiver nos
Enter Value,Enter Value
Enter your password,Enter your password
Entity Name,Entity Name
Entity Type,Entity Type
envelope,envelope
Equals,Equals
ERPNext Role,ERPNext Role
Error,خطأ
Error Attaching File,Error Attaching File
Error Code: {0},خطأ الرمز: {0}
"Error connecting to QZ Tray Application...<br><br> You need to have QZ Tray application installed and running, to use the Raw Print feature.<br><br><a target=""_blank"" href=""https://qz.io/download/"">Click here to Download and install QZ Tray</a>.<br> <a target=""_blank"" href=""https://erpnext.com/docs/user/manual/en/setting-up/print/raw-printing"">Click here to learn more about Raw Printing</a>.","Error connecting to QZ Tray Application...<br><br> You need to have QZ Tray application installed and running, to use the Raw Print feature.<br><br><a target=""_blank"" href=""https://qz.io/download/"">Click here to Download and install QZ Tray</a>.<br> <a target=""_blank"" href=""https://erpnext.com/docs/user/manual/en/setting-up/print/raw-printing"">Click here to learn more about Raw Printing</a>."
Error has occurred in {0},Error has occurred in {0}
Error in Custom Script,Error in Custom Script
Error in Notification,خطأ في إشعار
Error in Notification: {},خطأ في إشعار: {}
Error Log,سجل خطأ
Error Log Notification,خطأ السجل إشعار
Error Message,خطأ رسالة
Error Report,تقرير خطأ
Error Snapshot,خطأ لقطة
Error while connecting to email account {0},Error while connecting to email account {0}
Error while evaluating Notification {0}. Please fix your template.,Error while evaluating Notification {0}. Please fix your template.
Error: Document has been modified after you have opened it,Error: Document has been modified after you have opened it
Error: Value missing for {0}: {1},خطأ: القيمة مفقود لـ {0}: {1}
Errors in Background Events,أخطاء في خلفية أحداث
ESC,ESC
eu-central-1,eu-central-1
eu-north-1,eu-north-1
eu-south-1,eu-south-1
eu-west-1,eu-west-1
eu-west-2,eu-west-2
eu-west-3,eu-west-3
Event,حدث
Event and other calendars.,Event and other calendars.
Event Category,حدث الفئة
Event Configurations,Event Configurations
Event Consumer,حدث مستهلك
Event Consumer Document Type,نوع حدث مستهلك مستند
Event Consumer Document Types,حدث مستهلك مستند أنواع
Event Participants,Event Participants
Event Producer,حدث منتج
Event Producer Document Type,نوع حدث منتج مستند
Event Producer Document Types,حدث منتج مستند أنواع
Event Producer Last Update,حدث منتج آخر تحديث
Event Streaming,Event Streaming
Event Subscriber,حدث مشترك
Event Subscriber has to be a System Manager.,حدث مشترك لديه إلى يكون a النظام مدير.
Event Sync Log,سجل حدث مزامنة
Event Synced with Google Calendar.,Event Synced with Google Calendar.
Event Type,نوع حدث
Event Update Log,سجل حدث تحديث
Events in Today's Calendar,أحداث في اليوم ' s التقويم
Everyone,Everyone
"Ex: ""colors"": [""#d1d8dd"", ""#ff5858""]","Ex: ""colors"": [""#d1d8dd"", ""#ff5858""]"
Example,مثال
Example Email Address,مثال البريد الإلكتروني العنوان
"Example: ""/desk""","مثال : "" / المكتب """
Example: #Tree/Account,مثال : # شجرة / حساب
Example: 00001,مثال: 00001
Example: {{ subject }},مثال: {{ موضوع }}
Excel,Excel
Exception,استثناء
Exception Type,نوع استثناء
exclamation-sign,exclamation-sign
Execute,تنفيذ
Execute Console script,Execute Console script
Execution Time: {0} sec,Execution Time: {0} sec
Expand,Expand
Expand All,توسيع الكل
Expert,Expert
Expiration time,Expiration time
Expire Notification On,Expire Notification On
Expired,منتهي
Expires In,Expires In
Expiry time of QR Code Image Page,انتهاء الوقت من QR الرمز صورة صفحة
Export,تصدير
Export 1 record,تصدير 1 سجل
Export All {0} rows?,تصدير الكل {0} صفوف?
Export Custom Permissions,تصدير مخصص صلاحيات
Export Customizations,تصدير تخصيصات
Export Data,تصدير بيانات
Export Data in CSV / Excel format.,Export Data in CSV / Excel format.
Export Errored Rows,Export Errored Rows
Export From,تصدير من
Export not allowed. You need {0} role to export.,Export not allowed. You need {0} role to export.
Export Report: {0},تصدير تقرير: {0}
Export Type,نوع تصدير
Export {0} records,تصدير {0} سجلات
Expose Recipients,Expose Recipients
"Expression, Optional","Expression, Optional"
Extends,Extends
Extends Another Page,Extends Another Page
eye-close,eye-close
eye-open,eye-open
Facebook,Facebook
facebook,facebook
facetime-video,facetime-video
Fail,Fail
Failed,فشل
Failed to change password.,Failed to change password.
Failed to complete setup,فشل مكتمل إعداد
Failed to connect to server,فشل اتصال إلى خادم
Failed to connect to the Event Producer site. Retry after some time.,Failed to connect to the Event Producer site. Retry after some time.
Failed to create an Event Consumer or an Event Consumer for the current site is already registered.,Failed to create an Event Consumer or an Event Consumer for the current site is already registered.
"Failed to decode token, please provide a valid base64-encoded token.","Failed to decode token, please provide a valid base64-encoded token."
Failed to send {0} Auto Email Report,Failed to send {0} Auto Email Report
Failed Transactions,فشل معاملات
Failed while amending subscription,Failed while amending subscription
Failure,فشل
fairlogin,fairlogin
fast-backward,fast-backward
fast-forward,fast-forward
FavIcon,Fav Icon
Fax,فاكس
Featured,Featured
Feedback,ملاحظات
Feedback Request,ملاحظات طلب
Female,أنثى
Fetch attached images from document,Fetch attached images from document
Fetch From,Fetch From
Fetch If Empty,Fetch If Empty
Fetch Images,Fetch Images
Fetching default Global Search documents.,Fetching default Global Search documents.
Fetching posts...,Fetching posts...
Field,حقل
"Field ""route"" is mandatory for Web Views","Field ""route"" is mandatory for Web Views"
"Field ""value"" is mandatory. Please specify value to be updated","Field ""value"" is mandatory. Please specify value to be updated"
Field Description,حقل الوصف
Field Maps,Field Maps
Field Name,اسم حقل
"Field that represents the Workflow State of the transaction (if field is not present, a new hidden Custom Field will be created)","Field that represents the Workflow State of the transaction (if field is not present, a new hidden Custom Field will be created)"
Field To Check,حقل إلى فحص
Field to Track,حقل إلى مسار
Field Type,نوع حقل
Field type cannot be changed for {0},Field type cannot be changed for {0}
Field {0} not found.,لم يُعثر على حقل {0}
Fieldname,Fieldname
Fieldname is limited to 64 characters ({0}),Fieldname is limited to 64 characters ({0})
Fieldname not set for Custom Field,Fieldname not set for Custom Field
Fieldname which will be the DocType for this link field.,Fieldname which will be the Doc Type for this link field.
Fieldname {0} cannot have special characters like {1},Fieldname {0} cannot have special characters like {1}
Fieldname {0} conflicting with meta object,Fieldname {0} conflicting with meta object
Fieldname {0} is restricted,Fieldname {0} is restricted
Fields,حقول
Fields Multicheck,Fields Multicheck
"Fields separated by comma (,) will be included in the ""Search By"" list of Search dialog box","Fields separated by comma (,) will be included in the ""Search By"" list of Search dialog box"
Fieldtype,Fieldtype
Fieldtype cannot be changed from {0} to {1} in row {2},Fieldtype cannot be changed from {0} to {1} in row {2}
File,ملف
file,ملف
File '{0}' not found,لم يُعثر على ملف '{0}'
File Backup,ملف النسخ الاحتياطي
File backup is ready,ملف نسخ احتياطي هو جاهز
File Information,ملف معلومات
File Manager,ملف مدير
File Name,اسم ملف
File name cannot have {0},ملف الاسم لا يمكن لديه {0}
File not attached,File not attached
File Size,ملف حجم
File size exceeded the maximum allowed size of {0} MB,File size exceeded the maximum allowed size of {0} MB
File too big,File too big
File Type,نوع ملف
File Upload,ملف رفع
File Upload Disconnected. Please try again.,File Upload Disconnected. Please try again.
File Upload in Progress. Please try again in a few moments.,File Upload in Progress. Please try again in a few moments.
File URL,ملف URL
File {0} does not exist,ملف {0} غير موجود
Files,ملفات
film,film
Filter,تصفية
filter,تصفية
Filter By,تصفية بواسطة
Filter Data,تصفية بيانات
Filter List,قائمة تصفية
Filter Meta,Filter Meta
Filter must be a tuple or list (in a list),Filter must be a tuple or list (in a list)
"Filter must have 4 values (doctype, fieldname, operator, value): {0}","Filter must have 4 values (doctype, fieldname, operator, value): {0}"
Filter Name,اسم تصفية
Filter Values,تصفية القيم
Filter...,تصفية...
"Filtered by ""{0}""","مُصفّى بواسطة ""{0}"""
Filtered Records,مُصفّى سجلات
Filters,المرشحات
Filters applied for {0},Filters applied for {0}
Filters Configuration,المرشحات إعداد
Filters Display,المرشحات العرض
Filters JSON,المرشحات JSON
Filters saved,المرشحات حُفظ
Filters Section,المرشحات قسم
"Filters will be accessible via <code>filters</code>. <br><br>Send output as <code>result = [result]</code>, or for old style <code>data = [columns], [result]</code>","Filters will be accessible via <code>filters</code>. <br><br>Send output as <code>result = [result]</code>, or for old style <code>data = [columns], [result]</code>"
Find {0} in {1},اعثر {0} في {1}
Finished,منتهٍ
fire,fire
First,أول
First data column must be blank.,First data column must be blank.
First Level,أول مستوى
First Name,اسم أول
First set the name and save the record.,First set the name and save the record.
First Success Message,أول نجاح رسالة
First Transaction,أول معاملة
Flag,Flag
flag,flag
Float,Float
Float Precision,Float Precision
Fold,Fold
Fold can not be at the end of the form,Fold can not be at the end of the form
Fold must come before a Section Break,Fold must come before a Section Break
Folder,مجلد
Folder name should not include '/' (slash),Folder name should not include '/' (slash)
Folder {0} is not empty,مجلد {0} هو لا فارغ
folder-close,مجلد - إغلاق
folder-open,مجلد مفتوح
Follow,Follow
Followed by,Followed by
Following fields are missing:,Following fields are missing:
Following fields have missing values:,Following fields have missing values:
Font,Font
font,font
Font Properties,Font Properties
Font Size,Font Size
Fonts,Fonts
Footer,تذييل
Footer HTML,تذييل HTML
Footer Items,تذييل أصناف
Footer Logo,Footer Logo
Footer Template,تذييل قالب
Footer Template Values,تذييل قالب القيم
Footer will display correctly only in PDF,Footer will display correctly only in PDF
"For comparison, use >5, <10 or =324. For ranges, use 5:10 (for values between 5 & 10).","For comparison, use >5, <10 or =324. For ranges, use 5:10 (for values between 5 & 10)."
"For currency {0}, the minimum transaction amount should be {1}","For currency {0}, the minimum transaction amount should be {1}"
For DocType Link / DocType Action,For Doc Type Link / Doc Type Action
For Document Event,لـ مستند حدث
For Document Type,نوع لـ مستند
For example if you cancel and amend INV004 it will become a new document INV004-1. This helps you to keep track of each amendment.,For example if you cancel and amend INV004 it will become a new document INV004-1. This helps you to keep track of each amendment.
"For example: If you want to include the document ID, use {0}","For example: If you want to include the document ID, use {0}"
For Example: {} Open,لـ مثال: {} فتح
For example: {} Open,لـ مثال: {} فتح
"For help see <a href=""https://frappeframework.com/docs/user/en/guides/portal-development/web-forms"" target=""_blank"">Client Script API and Examples</a>","For help see <a href=""https://frappeframework.com/docs/user/en/guides/portal-development/web-forms"" target=""_blank"">Client Script API and Examples</a>"
"For Links, enter the DocType as range.\nFor Select, enter list of Options, each on a new line.","For Links, enter the Doc Type as range.\n For Select, enter list of Options, each on a new line."
"For more information, <a class=""text-muted"" href=""https://erpnext.com/docs/user/manual/en/setting-up/email/linking-emails-to-document"">click here</a>.","For more information, <a class=""text-muted"" href=""https://erpnext.com/docs/user/manual/en/setting-up/email/linking-emails-to-document"">click here</a>."
"For more information, {0}.","لـ المزيد معلومات, {0}."
"For performance, only the first 100 rows were processed.","For performance, only the first 100 rows were processed."
"For updating, you can update only selective columns.","For updating, you can update only selective columns."
For User,لـ مستخدم
For Value,لـ القيمة
For {0} at level {1} in {2} in row {3},لـ {0} في مستوى {1} في صف {3} في صف {3}
Force,Force
Force Show,Force Show
Force User to Reset Password,Force User to Reset Password
Forgot Password,Forgot Password
Forgot Password?,Forgot Password?
Form Customization,Form Customization
Form Settings,إعدادات نموذج
Form URL-Encoded,Form URL-Encoded
Format,تنسيق
Format Data,تنسيق بيانات
Forward,إلى الأمام
forward,إلى الأمام
Forward To Email Address,إلى الأمام إلى البريد الإلكتروني العنوان
Fraction,Fraction
Fraction Units,Fraction Units
Frames,Frames
Frappe,Frappe
Frappe Framework,Frappe إطار
Frappe page builder using components,Frappe page builder using components
Frequency,التكرار
Frequently Visited Links,Frequently Visited Links
Friday,الجمعة
Friendly Title,Friendly Title
From,من
From Date,تاريخ من
From Date Field,من التاريخ حقل
From Document Type,نوع من مستند
From Full Name,اسم من كامل
From User,من مستخدم
Full,كامل
Full Name,اسم كامل
Full Page,كامل صفحة
Full Width,كامل عرض
fullscreen,fullscreen
Function,Function
Function Based On,Function Based On
Further nodes can be only created under 'Group' type nodes,إضافي عقد يمكن يكون فقط أُنشئ تحت 'مجموعة' النوع عقد
gained by {0} via automatic rule {1},gained by {0} via automatic rule {1}
gained {0} points,gained {0} points
Gantt,مخطط جantt
Gateway,بوابة
Gateway Controller,Gateway Controller
Gateway Settings,إعدادات بوابة
gave {0} points,gave {0} points
GCalendar Sync ID,GCalendar Sync ID
Gender,الجنس
Genderqueer,Genderqueer
Generate Keys,Generate Keys
Generate New Report,تقرير إنشاء جديد
Generated File,مُنشأ ملف
Geo,Geo
Geolocation,Geolocation
Get Alerts for Today,احصل تنبيهات لـ اليوم
Get Contacts,احصل جهات اتصال
Get Fields,احصل حقول
Get Items,احصل أصناف
Get your globally recognized avatar from Gravatar.com,Get your globally recognized avatar from Gravatar.com
gift,gift
Git Branch,Git Branch
GitHub,Git Hub
Github flavoured markdown syntax,Github flavoured markdown syntax
GitHub Sync ID,Git Hub Sync ID
Give Review Points,Give Review Points
glass,glass
Global Search DocType,Global Search Doc Type
Global Search Document Types Reset.,عالمي بحث مستند أنواع إعادة ضبط.
Global Search Settings,إعدادات عالمي بحث
Global Shortcuts,عالمي اختصارات
Global Unsubscribe,Global Unsubscribe
globe,globe
GMail,GMail
Go Back,Go رجوع
Go to next record,Go إلى التالي سجل
Go to Page,Go إلى صفحة
Go to previous record,Go إلى السابق سجل
Go to the document,Go to the document
Go to this URL after completing the form (only for Guest users),Go to this URL after completing the form (only for Guest users)
Go to {0} List,قائمة Go إلى {0}
Go to {0} Page,Go إلى {0} صفحة
Goa,Goa
Goal,هدف
Good Work 🎉,Good Work 🎉
Google,Google
Google Analytics Anonymize IP,Google Analytics Anonymize IP
Google Analytics ID,Google Analytics ID
Google API Settings.,Google API Settings.
Google Calendar,Google Calendar
"Google Calendar - Could not create Calendar for {0}, error code {1}.","Google Calendar - Could not create Calendar for {0}, error code {1}."
"Google Calendar - Could not delete Event {0} from Google Calendar, error code {1}.","Google Calendar - Could not delete Event {0} from Google Calendar, error code {1}."
"Google Calendar - Could not fetch event from Google Calendar, error code {0}.","Google Calendar - Could not fetch event from Google Calendar, error code {0}."
"Google Calendar - Could not insert contact in Google Contacts {0}, error code {1}.","Google Calendar - Could not insert contact in Google Contacts {0}, error code {1}."
"Google Calendar - Could not insert event in Google Calendar {0}, error code {1}.","Google Calendar - Could not insert event in Google Calendar {0}, error code {1}."
"Google Calendar - Could not update Event {0} in Google Calendar, error code {1}.","Google Calendar - Could not update Event {0} in Google Calendar, error code {1}."
Google Calendar Event ID,Google Calendar Event ID
Google Calendar has been configured.,Google Calendar has been configured.
Google Calendar ID,Google Calendar ID
Google Calendar Integration.,Google Calendar Integration.
Google Contacts,Google Contacts
"Google Contacts - Could not sync contacts from Google Contacts {0}, error code {1}.","Google Contacts - Could not sync contacts from Google Contacts {0}, error code {1}."
"Google Contacts - Could not update contact in Google Contacts {0}, error code {1}.","Google Contacts - Could not update contact in Google Contacts {0}, error code {1}."
Google Contacts has been configured.,Google Contacts has been configured.
Google Contacts Id,Google Contacts Id
Google Contacts Integration is disabled.,Google Contacts Integration is disabled.
Google Contacts Integration.,Google Contacts Integration.
Google Drive,Google Drive
Google Drive - Could not create folder in Google Drive - Error Code {0},Google Drive - Could not create folder in Google Drive - Error Code {0}
Google Drive - Could not find folder in Google Drive - Error Code {0},Google Drive - Could not find folder in Google Drive - Error Code {0}
Google Drive - Could not locate - {0},Google Drive - Could not locate - {0}
Google Drive Backup Successful.,Google Drive Backup Successful.
Google Drive Backup.,Google Drive Backup.
Google Drive has been configured.,Google Drive has been configured.
Google Drive Integration.,Google Drive Integration.
Google Font,Google Font
Google Indexing has been configured.,Google Indexing has been configured.
Google Integration is disabled.,Google Integration is disabled.
Google Services,Google Services
Google Settings,Google Settings
Google Sheets URL is invalid or not publicly accessible.,Google Sheets URL is invalid or not publicly accessible.
"Google Sheets URL must end with ""gid={number}"". Copy and paste the URL from the browser address bar and try again.","Google Sheets URL must end with ""gid={number}"". Copy and paste the URL from the browser address bar and try again."
Google Snippet Preview,Google Snippet Preview
Google Translation,Google Translation
Grant Type,نوع منح
Great,Great
Great Job,Great Job
green,green
Group,مجموعة
Group By,تجميع حسب
Group By Based On,Group By Based On
Group By field is required to create a dashboard chart,مجموعة بواسطة حقل مطلوب إلى إنشاء a لوحة معلومات مخطط
Group By Type,نوع تجميع حسب
Group Name,اسم مجموعة
Group name cannot be empty.,مجموعة الاسم لا يمكن يكون فارغ.
Group Node,مجموعة عقدة
Groups of DocTypes,Groups of Doc Types
GST State,GST State
GST State Number,GST State Number
Guest,زائر
Gujarat,Gujarat
Half,Half
Half Day,Half Day
Half Yearly,Half Yearly
Half-yearly,Half-yearly
hand-down,hand-down
hand-left,hand-left
hand-right,hand-right
hand-up,hand-up
Haryana,Haryana
Has  Attachment,لديه مرفق
Has Attachments,لديه مرفقات
Has Domain,لديه النطاق
Has Mapping,Has Mapping
Has Role,لديه الدور
Has Web View,Has Web View
Have an account? Login,لديه an حساب? تسجيل الدخول
hdd,hdd
Header,رأس
Header and Breadcrumbs,Header and Breadcrumbs
Header HTML,رأس HTML
Header HTML set from attachment {0},رأس HTML تعيين من مرفق {0}
Header Image,رأس صورة
Headers,Headers
Heading,Heading
headphones,headphones
heart,heart
Heatmap,Heatmap
Hello {0},Hello {0}
Hello!,Hello!
Help,مساعدة
Help Article,مساعدة مقال
Help Articles,Help Articles
Help Category,مساعدة الفئة
Help Dropdown,Help Dropdown
Help HTML,مساعدة HTML
Help on Search,مساعدة في بحث
"Help: To link to another record in the system, use ""#Form/Note/[Note Name]"" as the Link URL. (don't use ""http://"")","Help: To link to another record in the system, use ""#Form/Note/[Note Name]"" as the Link URL. (don't use ""http://"")"
Helvetica,Helvetica
Hidden,مخفي
Hide,إخفاء
Hide Block,إخفاء كتلة
Hide Border,Hide Border
Hide Copy,إخفاء نسخة
Hide CTA,Hide CTA
Hide Custom DocTypes and Reports,Hide Custom Doc Types and Reports
Hide Days,إخفاء أيام
Hide details,إخفاء التفاصيل
Hide footer in auto email reports,إخفاء تذييل في آلي البريد الإلكتروني تقارير
Hide Footer Signup,Hide Footer Signup
Hide Login,إخفاء تسجيل الدخول
Hide Seconds,Hide Seconds
Hide Sidebar and Menu,Hide Sidebar and Menu
Hide Standard Menu,إخفاء معيار القائمة
Hide Traceback,Hide Traceback
Hide Weekends,إخفاء عطلات نهاية الأسبوع
High,مرتفع
Higher priority rule will be applied first,Higher priority rule will be applied first
Highlight,Highlight
Himachal Pradesh,Himachal Pradesh
"Hint: Include symbols, numbers and capital letters in the password","Hint: Include symbols, numbers and capital letters in the password"
Home,الرئيسية
home,منزلي
Home Page,الرئيسية صفحة
Home Settings,إعدادات الرئيسية
Home/Test Folder 1,الرئيسية/فحص مجلد 1
Home/Test Folder 1/Test Folder 3,الرئيسية/فحص مجلد 1/فحص مجلد 3
Home/Test Folder 2,الرئيسية/فحص مجلد 2
HOOK-.####,HOOK-.####
Host,مضيف
Hostname,Hostname
Hourly,بالساعة
Hourly comment limit reached for: {0},Hourly comment limit reached for: {0}
Hourly Long,Hourly Long
Hourly rate limit for generating password reset links,Hourly rate limit for generating password reset links
"How should this currency be formatted? If not set, will use system defaults","How should this currency be formatted? If not set, will use system defaults"
HTML,HTML
HTML Editor,HTML المحرر
HTML for header section. Optional,HTML لـ رأس قسم. اختياري
"HTML Header, Robots and Redirects","HTML Header, Robots and Redirects"
HTML Page,HTML صفحة
HTML with jinja support,HTML with jinja support
hub,مركز
Hub Sync ID,مركز مزامنة المعرّف
I found these:,أنا وُجد هذه:
Icon,أيقونة
icon,أيقونة
Icon will appear on the button,Icon will appear on the button
ID (name) of the entity whose property is to be set,ID (name) of the entity whose property is to be set
Identity Details,Identity Details
Idx,Idx
"If a Role does not have access at Level 0, then higher levels are meaningless.","If a Role does not have access at Level 0, then higher levels are meaningless."
"If Apply Strict User Permission is checked and User Permission is defined for a DocType for a User, then all the documents where value of the link is blank, will not be shown to that User","If Apply Strict User Permission is checked and User Permission is defined for a Doc Type for a User, then all the documents where value of the link is blank, will not be shown to that User"
If Checked workflow status will not override status in list view,If Checked workflow status will not override status in list view
"If checked, all other workflows become inactive.","If checked, all other workflows become inactive."
"If checked, this field will be not overwritten based on Fetch From if a value already exists.","If checked, this field will be not overwritten based on Fetch From if a value already exists."
"If checked, users will not see the Confirm Access dialog.","If checked, users will not see the Confirm Access dialog."
"If disabled, this role will be removed from all users.","إذا معطّل, هذا دور سوف يكون أُزيل من كل مستخدمون."
"If enabled,  user can login from any IP Address using Two Factor Auth, this can also be set for all users in System Settings","If enabled,  user can login from any IP Address using Two Factor Auth, this can also be set for all users in System Settings"
"If enabled, all users can login from any IP Address using Two Factor Auth. This can also be set only for specific user(s) in User Page","If enabled, all users can login from any IP Address using Two Factor Auth. This can also be set only for specific user(s) in User Page"
"If enabled, changes to the document are tracked and shown in timeline","If enabled, changes to the document are tracked and shown in timeline"
"If enabled, document views are tracked, this can happen multiple times","If enabled, document views are tracked, this can happen multiple times"
"If enabled, the document is marked as seen, the first time a user opens it","If enabled, the document is marked as seen, the first time a user opens it"
"If enabled, the notification will show up in the notifications dropdown on the top right corner of the navigation bar.","If enabled, the notification will show up in the notifications dropdown on the top right corner of the navigation bar."
"If enabled, the password strength will be enforced based on the Minimum Password Score value. A value of 2 being medium strong and 4 being very strong.","If enabled, the password strength will be enforced based on the Minimum Password Score value. A value of 2 being medium strong and 4 being very strong."
"If enabled, users who login from Restricted IP Address, won't be prompted for Two Factor Auth","If enabled, users who login from Restricted IP Address, won't be prompted for Two Factor Auth"
"If enabled, users will be notified every time they login. If not enabled, users will only be notified once.","If enabled, users will be notified every time they login. If not enabled, users will only be notified once."
"If Icon is set, it will be shown instead of Label","إذا أيقونة هو تعيين, هو سوف يكون معروض بدلاً من التسمية"
If non standard port (e.g. 587),إذا غير معيار منفذ (e.g. 587)
"If non standard port (e.g. 587). If on Google Cloud, try port 2525.","If non standard port (e.g. 587). If on Google Cloud, try port 2525."
"If non-standard port (e.g. POP3: 995/110, IMAP: 993/143)","If non-standard port (e.g. POP3: 995/110, IMAP: 993/143)"
"If not set, the currency precision will depend on number format","If not set, the currency precision will depend on number format"
If Owner,إذا المالك
If the condition is satisfied user will be rewarded with the points. eg. doc.status == 'Closed'\n,If the condition is satisfied user will be rewarded with the points. eg. doc.status == 'Closed'\n
If the document has different field names on the Producer and Consumer's end check this and set up the Mapping,If the document has different field names on the Producer and Consumer's end check this and set up the Mapping
"If the user has any role checked, then the user becomes a ""System User"". ""System User"" has access to the desktop","If the user has any role checked, then the user becomes a ""System User"". ""System User"" has access to the desktop"
"If these instructions where not helpful, please add in your suggestions on GitHub Issues.","If these instructions where not helpful, please add in your suggestions on Git Hub Issues."
If this is checked the documents will have the same name as they have on the Event Producer's site,If this is checked the documents will have the same name as they have on the Event Producer's site
"If this is checked, rows with valid data will be imported and invalid rows will be dumped into a new file for you to import later.","If this is checked, rows with valid data will be imported and invalid rows will be dumped into a new file for you to import later."
If user is the owner,If user is the owner
"If you are updating, please select ""Overwrite"" else existing rows will not be deleted.","If you are updating, please select ""Overwrite"" else existing rows will not be deleted."
If you are updating/overwriting already created records.,If you are updating/overwriting already created records.
"If you are uploading new records, ""Naming Series"" becomes mandatory, if present.","If you are uploading new records, ""Naming Series"" becomes mandatory, if present."
"If you are uploading new records, leave the ""name"" (ID) column blank.","If you are uploading new records, leave the ""name"" (ID) column blank."
If you don't want to create any new records while updating the older records.,If you don't want to create any new records while updating the older records.
"If you set this, this Item will come in a drop-down under the selected parent.","If you set this, this Item will come in a drop-down under the selected parent."
"If you think this is unauthorized, please change the Administrator password.","If you think this is unauthorized, please change the Administrator password."
"If your data is in HTML, please copy paste the exact HTML code with the tags.","If your data is in HTML, please copy paste the exact HTML code with the tags."
Ignore attachments over this size,Ignore attachments over this size
Ignore encoding errors,Ignore encoding errors
Ignore User Permissions,Ignore User Permissions
Ignore XSS Filter,Ignore XSS Filter
Ignored Apps,Ignored Apps
Ignored: {0} to {1},Ignored: {0} to {1}
Illegal Access Token. Please try again,Illegal Access Token. Please try again
Illegal Document Status for {0},Illegal Document Status for {0}
Illegal SQL Query,Illegal SQL Query
Image,صورة
Image Field,صورة حقل
Image field must be a valid fieldname,Image field must be a valid fieldname
Image field must be of type Attach Image,Image field must be of type Attach Image
Image Link,صورة رابط
Image View,صورة عرض
Images,صور
Implicit,Implicit
Import,استيراد
Import Data,استيراد بيانات
Import Data from CSV / Excel files.,Import Data from CSV / Excel files.
Import Email From,استيراد البريد الإلكتروني من
Import File,استيراد ملف
Import File Errors and Warnings,استيراد ملف أخطاء و تحذيرات
Import from Google Sheets,Import from Google Sheets
Import Log,سجل استيراد
Import Log Preview,استيراد السجل معاينة
Import Preview,استيراد معاينة
Import Progress,Import Progress
Import Status,حالة استيراد
Import Subscribers,Import Subscribers
"Import template should be of type .csv, .xlsx or .xls","Import template should be of type .csv, .xlsx or .xls"
Import template should contain a Header and atleast one row.,Import template should contain a Header and atleast one row.
Import Type,نوع استيراد
Import Warnings,استيراد تحذيرات
Import Zip,Import Zip
Important,Important
Importing {0} of {1},Importing {0} of {1}
"Importing {0} of {1}, {2}","Importing {0} of {1}, {2}"
In Days,في أيام
In Filter,في تصفية
In Global Search,في عالمي بحث
In Grid View,في شبكة عرض
In Hours,في ساعات
In List View,في قائمة عرض
in minutes,في دقائق
In points. Default is 9.,In points. Default is 9.
In Preview,في معاينة
In Progress,قيد التنفيذ
In Reply To,In Reply To
In seconds,In seconds
In Standard Filter,في معيار تصفية
In Valid Request,في صالح طلب
Inactive,غير نشط
Inbox,البريد الوارد
inbox,البريد الوارد
Inbox User,البريد الوارد مستخدم
Include Attachments,Include Attachments
Include indentation,Include indentation
Include Search in Top Bar,Include Search in Top Bar
"Include symbols, numbers and capital letters in the password","Include symbols, numbers and capital letters in the password"
Include Theme from Apps,Include Theme from Apps
Include Web View Link in Email,Include Web View Link in Email
Incoming Change,Incoming Change
Incoming email account not correct,Incoming email account not correct
Incomplete login details,غير مكتمل تسجيل الدخول التفاصيل
Incorrect Configuration,Incorrect Configuration
Incorrect email or password. Please check your login credentials.,Incorrect email or password. Please check your login credentials.
Incorrect URL,Incorrect URL
Incorrect User or Password,Incorrect User or Password
Incorrect value in row {0}: {1} must be {2} {3},Incorrect value in row {0}: {1} must be {2} {3}
Incorrect value: {0} must be {1} {2},Incorrect value: {0} must be {1} {2}
Incorrect Verification code,Incorrect Verification code
indent-left,indent-left
indent-right,indent-right
Index,مؤشر
Index Web Pages for Search,Index Web Pages for Search
Indexing Authorization Code,Indexing Authorization Code
Indexing Refresh Token,Indexing Refresh Token
Indicator,مؤشر
Industry Type ID,صناعة النوع المعرّف
Info,معلومات
info-sign,معلومات توقيع
Info:,معلومات:
Initial Sync Count,Initial Sync Count
InnoDB,Inno DB
Insert,Insert
Insert Above,Insert Above
Insert After,Insert After
Insert After cannot be set as {0},Insert After cannot be set as {0}
"Insert After field '{0}' mentioned in Custom Field '{1}', with label '{2}', does not exist","Insert After field '{0}' mentioned in Custom Field '{1}', with label '{2}', does not exist"
Insert Below,Insert Below
Insert Column Before {0},Insert Column Before {0}
Insert New Records,Insert New Records
Insert new records,Insert new records
Insert Style,Insert Style
Installed Application,المُثبَّت تطبيق
Installed Applications,التطبيقات المُثبَّتة
Instructions Emailed,Instructions Emailed
Insufficient Permission for {0},Insufficient Permission for {0}
Int,Int
Integration Request,تكامل طلب
Integration Request Service,تكامل طلب خدمة
Integration Type,نوع تكامل
Integrations,Integrations
Integrations can use this field to set email delivery status,Integrations can use this field to set email delivery status
Interests,Interests
Intermediate,Intermediate
Internal record of document shares,داخلي سجل من مستند أسهم
Internal Server Error,داخلي الخادم خطأ
Introduce your company to the website visitor.,Introduce your company to the website visitor.
Introduction,مقدمة
Introductory information for the Contact Us Page,Introductory information for the Contact Us Page
Invalid,غير صالح
"Invalid ""depends_on"" expression","Invalid ""depends_on"" expression"
"Invalid ""depends_on"" expression set in filter {0}","Invalid ""depends_on"" expression set in filter {0}"
Invalid Access Key ID or Secret Access Key.,الوصول مفتاح المعرّف أو سري الوصول مفتاح. غير صالح
Invalid Account SID or Auth Token.,Invalid Account SID or Auth Token.
"Invalid Authorization headers, add a token with a prefix from one of the following: {0}.","Invalid Authorization headers, add a token with a prefix from one of the following: {0}."
"Invalid Authorization Type {0}, must be one of {1}.","Invalid Authorization Type {0}, must be one of {1}."
"Invalid Bearer token, please provide a valid access token with prefix 'Bearer'.","Invalid Bearer token, please provide a valid access token with prefix 'Bearer'."
Invalid column,عمود غير صالح
Invalid Credentials,Invalid Credentials
Invalid CSV Format,CSV تنسيق غير صالح
Invalid Date,التاريخ غير صالح
Invalid expression set in filter {0},Invalid expression set in filter {0}
Invalid expression set in filter {0} ({1}),Invalid expression set in filter {0} ({1})
Invalid field name {0},حقل الاسم {0} غير صالح
Invalid field name: {0},حقل الاسم: {0} غير صالح
Invalid fieldname '{0}' in autoname,Invalid fieldname '{0}' in autoname
Invalid file path: {0},ملف مسار: {0} غير صالح
Invalid file URL. Please contact System Administrator.,ملف URL. يرجى جهة اتصال النظام المسؤول. غير صالح
Invalid Filter Value,تصفية القيمة غير صالح
Invalid filter: {0},تصفية: {0} غير صالح
Invalid Home Page,الرئيسية صفحة غير صالح
Invalid include path,Invalid include path
Invalid JSON,JSON غير صالح
Invalid json added in the custom options: {0},Invalid json added in the custom options: {0}
Invalid JSON in card links for {0},JSON في بطاقة روابط لـ {0} غير صالح
Invalid Link,رابط غير صالح
Invalid login or password,تسجيل الدخول أو كلمة المرور غير صالح
Invalid Login Token,تسجيل الدخول رمز غير صالح
Invalid Login. Try again.,تسجيل الدخول. حاول مجددًا. غير صالح
Invalid Mail Server. Please rectify and try again.,Invalid Mail Server. Please rectify and try again.
Invalid module path,وحدة مسار غير صالح
Invalid naming series (. missing),Invalid naming series (. missing)
Invalid Option,خيار غير صالح
Invalid or corrupted content for import,Invalid or corrupted content for import
Invalid Outgoing Mail Server or Port,Invalid Outgoing Mail Server or Port
Invalid Output Format,مخرجات تنسيق غير صالح
Invalid Password,كلمة المرور غير صالح
Invalid Password:,كلمة المرور: غير صالح
Invalid payment gateway credentials,Invalid payment gateway credentials
Invalid recipient address,مستلم العنوان غير صالح
Invalid Request,طلب غير صالح
Invalid Search Field {0},بحث حقل {0} غير صالح
Invalid Subscription,الاشتراك غير صالح
Invalid template file for import,قالب ملف لـ استيراد غير صالح
Invalid Token,رمز غير صالح
"Invalid token, please provide a valid token with prefix 'Basic' or 'Token'.","Invalid token, please provide a valid token with prefix 'Basic' or 'Token'."
Invalid URL,URL غير صالح
Invalid User Name or Support Password. Please rectify and try again.,Invalid User Name or Support Password. Please rectify and try again.
Invalid username or password,اسم المستخدم أو كلمة المرور غير صالح
Invalid {0} condition,{0} شرط غير صالح
Inverse,Inverse
Invite as User,Invite as User
IP Address,IP العنوان
Is Active,هو نشط
Is Attachments Folder,هو مرفقات مجلد
Is Billing Contact,هو الفوترة جهة اتصال
Is Child Table,هو فرعي جدول
Is Complete,هو مكتمل
Is Completed,هو مكتمل
Is Custom Field,هو مخصص حقل
Is Default,هو افتراضي
Is First Startup,Is First Startup
Is Folder,هو مجلد
Is Global,هو عالمي
Is Globally Pinned,Is Globally Pinned
Is Home Folder,هو الرئيسية مجلد
Is Mandatory Field,Is Mandatory Field
Is Optional State,هو اختياري الحالة
Is Pinned,Is Pinned
Is Primary,هو أساسي
Is Primary Contact,هو أساسي جهة اتصال
Is Primary Mobile,هو أساسي الجوال
Is Primary Phone,هو أساسي الهاتف
Is Private,هو خاص
Is Public,هو عام
Is Published Field,Is Published Field
Is Published Field must be a valid fieldname,Is Published Field must be a valid fieldname
Is Single,Is Single
Is Skipped,Is Skipped
Is Spam,Is Spam
Is Standard,هو معيار
Is Submittable,Is Submittable
Is Table,هو جدول
Is Tree,هو شجرة
Is Unique,Is Unique
Is Your Company Address,هو الخاص بك الشركة العنوان
It is risky to delete this file: {0}. Please contact your System Manager.,It is risky to delete this file: {0}. Please contact your System Manager.
italic,italic
Item cannot be added to its own descendants,Item cannot be added to its own descendants
Item Label,الصنف التسمية
Item Type,نوع الصنف
Jammu and Kashmir,Jammu and Kashmir
JavaScript,Java Script
Javascript,Javascript
JavaScript Format: frappe.query_reports['REPORTNAME'] = {},Java Script Format: frappe.query_reports['REPORTNAME'] = {}
Javascript is disabled on your browser,Javascript is disabled on your browser
Javascript to append to the head section of the page.,Javascript to append to the head section of the page.
Jharkhand,Jharkhand
Jinja,Jinja
Job,وظيفة
John Doe,John Doe
john@doe.com,john@doe.com
JSON,JSON
JSON Request Body,JSON طلب محتوى
Jump to field,انتقل إلى حقل
just now,فقط الآن
Kanban,Kanban
Kanban Board,لوحة كانبان
Kanban Board Column,Kanban Board Column
Kanban Board Name,اسم لوحة كانبان
Karma,Karma
Karnataka,Karnataka
Keep track of all update feeds,Keep track of all update feeds
Keeps track of all communications,Keeps track of all communications
Kerala,Kerala
Key,مفتاح
Keyboard Shortcuts,Keyboard Shortcuts
Knowledge Base,Knowledge Base
Knowledge Base Contributor,Knowledge Base Contributor
Knowledge Base Editor,Knowledge Base Editor
Label,التسمية
Label and Type,نوع التسمية و
Label Help,التسمية مساعدة
Label is mandatory,Label is mandatory
Lakshadweep Islands,Lakshadweep Islands
Landing Page,Landing Page
Landscape,Landscape
Language,اللغة
Language Code,رمز اللغة
Language Name,اسم اللغة
"Language, Date and Time settings","اللغة, التاريخ و الوقت إعدادات"
Last,آخر
Last Active,آخر نشط
Last Backup On,آخر النسخ الاحتياطي في
Last Deployed On,آخر نُشر في
Last Execution,آخر التنفيذ
Last IP,آخر IP
Last Known Versions,Last Known Versions
Last Login,آخر تسجيل الدخول
Last Message,آخر رسالة
Last Modified By,آخر تاريخ التعديل بواسطة
Last Modified Date,تاريخ آخر تاريخ التعديل
Last Modified On,آخر تاريخ التعديل في
Last Month,الشهر الماضي
Last Name,اسم آخر
Last Password Reset Date,تاريخ آخر كلمة المرور إعادة ضبط
Last Point Allocation Date,تاريخ آخر نقطة تخصيص
Last Quarter,آخر ربع
Last refreshed,Last refreshed
Last Sync On,آخر مزامنة في
Last Synced On,آخر متزامن في
Last synced {0},آخر متزامن {0}
Last Update,آخر تحديث
Last Updated By,آخر حُدّث بواسطة
Last Updated On,آخر تحديث
Last User,آخر مستخدم
Last Week,الأسبوع الماضي
Last Year,آخر السنة
LDAP Email Field,LDAP البريد الإلكتروني حقل
LDAP First Name Field,LDAP أول الاسم حقل
LDAP Group,LDAP مجموعة
LDAP Group Field,LDAP مجموعة حقل
LDAP Group Mapping,LDAP Group Mapping
LDAP Group Mappings,LDAP Group Mappings
LDAP is not enabled.,LDAP هو لا مفعّل.
LDAP Last Name Field,LDAP آخر الاسم حقل
LDAP Middle Name Field,LDAP Middle Name Field
LDAP Mobile Field,LDAP الجوال حقل
LDAP Not Installed,LDAP لا المُثبَّت
LDAP Phone Field,LDAP الهاتف حقل
LDAP Search String,LDAP Search String
"LDAP Search String needs to end with a placeholder, eg sAMAccountName={0}","LDAP Search String needs to end with a placeholder, eg s AMAccount Name={0}"
LDAP Security,LDAP الأمان
LDAP Server Url,LDAP الخادم رابط
LDAP Settings,إعدادات LDAP
Ldap settings,Ldap settings
LDAP User Creation and Mapping,LDAP User Creation and Mapping
LDAP Username Field,LDAP اسم المستخدم حقل
Lead Conversion Time,عميل محتمل تحويل الوقت
Leaderboard,Leaderboard
leaf,ورقة
Leave a Comment,إجازة a تعليق
Leave blank to repeat always,Leave blank to repeat always
Leave this conversation,Leave this conversation
Left,يسار
Left this conversation,Left this conversation
Length,طول
Length of {0} should be between 1 and 1000,طول من {0} يجب يكون بين 1 و 1000
Less,أقل
Let's avoid repeated words and characters,Let's avoid repeated words and characters
Let's Get Started,دع ' s احصل بدأ
Let's prepare the system for first use.,Let's prepare the system for first use.
Let's take you back to onboarding,دع ' s أخذ أنت خلف إلى انضمام
Letter,رسالة
Letter Head,Letter Head
Letter Head Based On,Letter Head Based On
Letter Head Image,Letter Head Image
Letter Head in HTML,Letter Head in HTML
Letter Head Name,Letter Head Name
Level,مستوى
"Level 0 is for document level permissions, higher levels for field level permissions.","Level 0 is for document level permissions, higher levels for field level permissions."
Level Name,اسم مستوى
License,الترخيص
Light Color,Light Color
lightblue,lightblue
Like,مثل
like,مثل
Liked,Liked
Liked By,Liked By
Liked by {0},Liked by {0}
Likes,إعجابات
Limit,حد
Limit Number of DB Backups,Limit Number of DB Backups
Line,خط
Link,رابط
link,رابط
Link Cards,رابط بطاقات
Link DocType,Link Doc Type
Link Document Type,نوع رابط مستند
Link Expired,رابط منتهي
Link Fieldname,Link Fieldname
Link Name,اسم رابط
"Link that is the website home page. Standard Links (index, login, products, blog, about, contact)","Link that is the website home page. Standard Links (index, login, products, blog, about, contact)"
Link Title,رابط العنوان
Link To,رابط إلى
Link to the page you want to open. Leave blank if you want to make it a group parent.,Link to the page you want to open. Leave blank if you want to make it a group parent.
Linked,مرتبط
Linked Documents,مرتبط المستندات
Linked With,مرتبط بـ
Linked with {0},مرتبط مع {0}
linkedin,linkedin
Links,روابط
List,قائمة
list,قائمة
List a document type,قائمة a مستند النوع
"List as [{""label"": _(""Jobs""), ""route"":""jobs""}]","قائمة كـ [ { "" التسمية "" : ( "" مهام "" ) , "" مسار "" : "" مهام "" } ]"
List Filter,قائمة تصفية
List of backups available for download,List of backups available for download
List of patches executed,List of patches executed
List of themes for Website.,List of themes for Website.
List Settings,إعدادات قائمة
List View Setting,قائمة عرض إعداد
List View Settings,إعدادات عرض قائمة
list-alt,list-alt
Load Balancing,Load Balancing
Load More,تحميل المزيد
Loading,تحميل
Loading Filters...,تحميل المرشحات...
Loading import file...,تحميل استيراد ملف...
Loading...,جاري التحميل...
Local DocType,Local Doc Type
Local Document Type,نوع محلي مستند
Local Fieldname,Local Fieldname
Local Primary Key,محلي أساسي مفتاح
Locals,Locals
Location,الموقع
lock,lock
Log,السجل
Log Cleanup,السجل تنظيف
Log cleanup and notification configuration,السجل تنظيف و إشعار إعداد
Log Data,السجل بيانات
Log Details,تفاصيل السجل
Log in to access this page.,السجل في إلى وصول هذا صفحة.
Log of error during requests.,السجل من خطأ أثناء طلبات.
Log of error on automated events (scheduler).,Log of error on automated events (scheduler).
Log of Scheduler Errors,Log of Scheduler Errors
Log Setting User,السجل إعداد مستخدم
Log Settings,إعدادات السجل
Logged in,Logged in
logged in,logged in
Logged in as Guest or Administrator,Logged in as Guest or Administrator
Logged Out,Logged Out
Login,تسجيل الدخول
Login After,تسجيل الدخول بعد
Login and view in Browser,Login and view in Browser
Login Before,تسجيل الدخول قبل
Login Id is required,تسجيل الدخول Id مطلوب
Login not allowed at this time,Login not allowed at this time
Login Required,تسجيل الدخول مطلوب
"Login session expired, refresh page to retry","Login session expired, refresh page to retry"
Login to comment,تسجيل الدخول إلى تعليق
Login token required,تسجيل الدخول رمز مطلوب
Login Verification Code from {},Login Verification Code from {}
Login with LDAP,تسجيل الدخول مع LDAP
Logo Width,Logo Width
Logout,خروج
Logout All Sessions,خروج الكل جلسات
Logout All Sessions on Password Reset,خروج الكل جلسات في كلمة المرور إعادة ضبط
Logout From All Devices After Changing Password,Logout From All Devices After Changing Password
Logs,سجلات
Long Text,Long Text
Looks Great,Looks Great
Looks like something is wrong with this site's payment gateway configuration. No payment has been made.,Looks like something is wrong with this site's payment gateway configuration. No payment has been made.
Looks like something is wrong with this site's Paypal configuration.,Looks like something is wrong with this site's Paypal configuration.
"Looks like something went wrong during the transaction. Since we haven't confirmed the payment, Paypal will automatically refund you this amount. If it doesn't, please send us an email and mention the Correlation ID: {0}.","Looks like something went wrong during the transaction. Since we haven't confirmed the payment, Paypal will automatically refund you this amount. If it doesn't, please send us an email and mention the Correlation ID: {0}."
Looks like you didn't change the value,Looks like you didn't change the value
Low,منخفض
Madam,Madam
Madhya Pradesh,Madhya Pradesh
magnet,magnet
Maharashtra,Maharashtra
Main Section,رئيسي قسم
Main Section (HTML),رئيسي قسم (HTML)
Main Section (Markdown),رئيسي قسم (تخفيض)
"Maintains a Log of all inserts, updates and deletions on Event Producer site for documents that have consumers.","Maintains a Log of all inserts, updates and deletions on Event Producer site for documents that have consumers."
Maintains a log of every event consumed along with the status of the sync and a Resync button in case sync fails.,Maintains a log of every event consumed along with the status of the sync and a Resync button in case sync fails.
Maintenance Manager,صيانة مدير
Maintenance User,صيانة مستخدم
"Make ""name"" searchable in Global Search","Make ""name"" searchable in Global Search"
Make all attachments private,إنشاء كل مرفقات خاص
Make use of longer keyboard patterns,Make use of longer keyboard patterns
Make {0},إنشاء {0}
Makes the page public,Makes the page public
Male,ذكر
Manage Third Party Apps,Manage Third Party Apps
Mandatory,Mandatory
Mandatory Depends On,Mandatory Depends On
Mandatory field: set role for,Mandatory field: set role for
Mandatory field: {0},Mandatory field: {0}
"Mandatory fields required in table {0}, Row {1}","Mandatory fields required in table {0}, Row {1}"
Mandatory fields required in {0},Mandatory fields required in {0}
Mandatory Information missing:,Mandatory Information missing:
Mandatory:,Mandatory:
Manipur,Manipur
Map Columns,خريطة أعمدة
Map columns from {0} to fields in {1},خريطة أعمدة من {0} إلى حقول في {1}
Map route parameters into form variables. Example <code>/project/&lt;name&gt;</code>,Map route parameters into form variables. Example <code>/project/&lt;name&gt;</code>
map-marker,map-marker
Mapping,Mapping
Mapping column {0} to field {1},Mapping column {0} to field {1}
Mapping Name,Mapping Name
Mapping Type,Mapping Type
Mappings,Mappings
Mark all as Read,Mark all as Read
Mark as Read,Mark as Read
Mark as Spam,Mark as Spam
Mark as Unread,Mark as Unread
Markdown,تخفيض
Markdown Editor,تخفيض المحرر
Marked As Spam,Marked As Spam
Max 500 records at a time,الحد الأقصى 500 سجلات في a الوقت
Max Attachment Size (in MB),الحد الأقصى مرفق حجم (في MB)
Max Attachments,الحد الأقصى مرفقات
Max Length,الحد الأقصى طول
Max Value,الحد الأقصى القيمة
Max width for type Currency is 100px in row {0},الحد الأقصى عرض لـ النوع العملة هو 100px في صف {0}
Maximum,الحد الأقصى
Maximum Attachment Limit for this record reached.,Maximum Attachment Limit for this record reached.
Maximum Number of Fields,الحد الأقصى الرقم من حقول
Maximum Points,Maximum Points
Maximum points allowed after multiplying points with the multiplier value\n(Note: For no limit leave this field empty or set 0),Maximum points allowed after multiplying points with the multiplier value\n(Note: For no limit leave this field empty or set 0)
Maximum {0} rows allowed,Maximum {0} rows allowed
me-south-1,me-south-1
"Meaning of Submit, Cancel, Amend","Meaning of Submit, Cancel, Amend"
Medium,متوسط
Meeting,اجتماع
Meghalaya,Meghalaya
Mention,Mention
Mention transaction completion page URL,Mention transaction completion page URL
Mentions,Mentions
Menu,القائمة
Merchant ID,Merchant ID
Merchant Key,Merchant Key
Merge with existing,Merge with existing
merged {0} into {1},merged {0} into {1}
Merging is only possible between Group-to-Group or Leaf Node-to-Leaf Node,Merging is only possible between Group-to-Group or Leaf Node-to-Leaf Node
Message,رسالة
message,رسالة
Message (HTML),رسالة (HTML)
Message (Markdown),رسالة (تخفيض)
Message clipped,Message clipped
Message Count,رسالة عدد
Message Examples,Message Examples
Message from server: {0},رسالة من خادم: {0}
Message ID,رسالة المعرّف
Message not setup,رسالة لا إعداد
Message Parameter,رسالة معامل
Message Preview,رسالة معاينة
Message to be displayed on successful completion (only for Guest users),Message to be displayed on successful completion (only for Guest users)
Message-id,رسالة id
Meta Description,Meta Description
Meta Image,Meta Image
Meta Tags,Meta Tags
Meta Title,Meta Title
Meta title for SEO,Meta title for SEO
Method,طريقة
Middle Name,الاسم الأوسط
Middle Name (Optional),Middle Name (Optional)
Migration ID Field,الترحيل المعرّف حقل
Milestone,معلم
Milestone Tracker,Milestone Tracker
Minimum,الحد الأدنى
Minimum Password Score,الحد الأدنى كلمة المرور درجة
minus,minus
minus-sign,minus-sign
Miss,Miss
Missing Fields,حقول مفقود
Missing parameter Kanban Board Name,Missing parameter Kanban Board Name
Missing parameters for login,معاملات لـ تسجيل الدخول مفقود
Missing Values Required,القيم مطلوب مفقود
Mizoram,Mizoram
mm-dd-yyyy,mm-dd-yyyy
mm/dd/yyyy,mm/dd/yyyy
Mobile No,الجوال لا
Mobile number,الجوال الرقم
Models (building blocks) of the Application,Models (building blocks) of the Application
Modified By,عُدّل بواسطة
Module,وحدة
module,وحدة
Module Def,Module Def
Module Name,اسم الوحدة
module name...,وحدة الاسم...
Module Not Found,وحدة لا وُجد
Module Onboarding,وحدة انضمام
Module Path,وحدة مسار
Module to Export,وحدة إلى تصدير
Modules,الوحدات
Modules HTML,الوحدات HTML
Monday,الاثنين
Monospace,Monospace
Month,شهر
Monthly,شهري
Monthly Long,Monthly Long
Monthly Rank:,شهري الترتيب:
More,المزيد
More articles on {0},More articles on {0}
More content for the bottom of the page.,More content for the bottom of the page.
More Information,المزيد معلومات
Most Used,الأكثر مستخدم
Move,نقل
move,نقل
Move To,نقل إلى
Move to Row Number,نقل إلى صف الرقم
Move To Trash,Move To Trash
Mrs,Mrs
Multiple root nodes not allowed.,Multiple root nodes not allowed.
Multiplier Field,Multiplier Field
music,music
Must be a publicly accessible Google Sheets URL,Must be a publicly accessible Google Sheets URL
"Must be of type ""Attach Image""","Must be of type ""Attach Image"""
Must have report permission to access this report.,يجب لديه تقرير صلاحية إلى وصول هذا تقرير.
Must specify a Query to run,Must specify a Query to run
Mute Sounds,Mute Sounds
My Account,الخاص بي حساب
MyISAM,My ISAM
Nagaland,Nagaland
Name,الاسم
Name cannot contain special characters like {0},Name cannot contain special characters like {0}
Name Case,الاسم قضية
Name not set via prompt,Name not set via prompt
Name of the Document Type (DocType) you want this field to be linked to. e.g. Customer,Name of the Document Type (Doc Type) you want this field to be linked to. e.g. Customer
Name of the new Print Format,Name of the new Print Format
Name of {0} cannot be {1},الاسم من {0} لا يمكن يكون {1}
Names and surnames by themselves are easy to guess.,Names and surnames by themselves are easy to guess.
Naming,Naming
"Naming Options:\n<ol><li><b>field:[fieldname]</b> - By Field</li><li><b>naming_series:</b> - By Naming Series (field called naming_series must be present</li><li><b>Prompt</b> - Prompt user for a name</li><li><b>[series]</b> - Series by prefix (separated by a dot); for example PRE.#####</li>\n<li><b>format:EXAMPLE-{MM}morewords{fieldname1}-{fieldname2}-{#####}</b> - Replace all braced words (fieldnames, date words (DD, MM, YY), series) with their value. Outside braces, any characters can be used.</li></ol>","Naming Options:\n<ol><li><b>field:[fieldname]</b> - By Field</li><li><b>naming_series:</b> - By Naming Series (field called naming_series must be present</li><li><b>Prompt</b> - Prompt user for a name</li><li><b>[series]</b> - Series by prefix (separated by a dot); for example PRE.#####</li>\n<li><b>format:EXAMPLE-{MM}morewords{fieldname1}-{fieldname2}-{#####}</b> - Replace all braced words (fieldnames, date words (DD, MM, YY), series) with their value. Outside braces, any characters can be used.</li></ol>"
Naming Series,Naming Series
Naming Series mandatory,Naming Series mandatory
Navbar,Navbar
Navbar Item,Navbar Item
Navbar Settings,Navbar Settings
Navbar Template,Navbar Template
Navbar Template Values,Navbar Template Values
Navigate Home,Navigate Home
Navigate list down,Navigate list down
Navigate list up,Navigate list up
Negative Value,Negative Value
Nested set error. Please contact the Administrator.,Nested set error. Please contact the Administrator.
New,جديد
new,جديد
New Activity,جديد النشاط
New Address,جديد العنوان
New Chart,جديد الملف الطبي
New Chat,New Chat
New Comment on {0}: {1},جديد تعليق في {0}: {1}
New Connection,جديد اتصال
New Contact,جديد جهة اتصال
New Custom Print Format,جديد مخصص طباعة تنسيق
New data will be inserted.,New data will be inserted.
New Document Shared {0},جديد مستند مشترك {0}
New Email,جديد البريد الإلكتروني
New Email Account,جديد البريد الإلكتروني حساب
New Event,جديد حدث
New Folder,جديد مجلد
New Kanban Board,New Kanban Board
New Mention on {0},New Mention on {0}
New Message from Website Contact Page,New Message from Website Contact Page
New module created {0},جديد وحدة أُنشئ {0}
New Name,اسم جديد
New Newsletter,جديد نشرة
New Notification,جديد إشعار
New Number Card,جديد الرقم بطاقة
New Password,جديد كلمة المرور
New Password Required.,جديد كلمة المرور مطلوب.
New Print Format Name,اسم جديد طباعة تنسيق
New Report name,جديد تقرير الاسم
New Shortcut,جديد اختصار
new type of document,جديد النوع من مستند
New updates are available,New updates are available
New Value,جديد القيمة
New value to be set,جديد القيمة إلى يكون تعيين
New {0},جديد {0}
New {0} Created,جديد {0} تاريخ الإنشاء
New {0} {1} added to Dashboard {2},جديد {0} {1} أُضيف إلى لوحة المعلومات {2}
New {0} {1} created,جديد {0} {1} أُنشئ
New {0}: {1},جديد {0}: {1}
New {} releases for the following apps are available,New {} releases for the following apps are available
Newsletter,نشرة
Newsletter Email Group,نشرة البريد الإلكتروني مجموعة
Newsletter has already been sent,نشرة لديه بالفعل كان مُرسل
Newsletter Manager,نشرة مدير
Newsletter should have at least one recipient,Newsletter should have at least one recipient
Newsletter should have atleast one recipient,Newsletter should have atleast one recipient
Newsletters,Newsletters
"Newsletters to contacts, leads.","Newsletters to contacts, leads."
Next,التالي
Next Action Email Template,التالي إجراء البريد الإلكتروني قالب
Next actions,التالي إجراءات
Next Actions HTML,التالي إجراءات HTML
Next Schedule Date,تاريخ التالي جدولة
Next Scheduled Date,تاريخ التالي مجدول
Next State,التالي الحالة
Next Sync Token,التالي مزامنة رمز
No Active Sessions,لا نشط جلسات
No activity,لا نشاط
No address added yet.,No address added yet.
No alerts for today,لا تنبيهات لـ اليوم
No changes in document,لا التغييرات في مستند
No comments yet,No comments yet
No comments yet. Start a new discussion.,No comments yet. Start a new discussion.
No conditions provided,No conditions provided
No contacts added yet.,No contacts added yet.
No contacts linked to document,لا جهات اتصال مرتبط إلى مستند
No Copy,لا نسخة
No Data,لا بيانات
No data found in the file. Please reattach the new file with data.,No data found in the file. Please reattach the new file with data.
No data to export,لا بيانات إلى تصدير
No default Address Template found. Please create a new one from Setup > Printing and Branding > Address Template.,No default Address Template found. Please create a new one from Setup > Printing and Branding > Address Template.
No document found for given filters,لا مستند وُجد لـ معطى المرشحات
No documents found tagged with {0},No documents found tagged with {0}
No Email Account,لا البريد الإلكتروني حساب
No email account associated with the User. Please add an account under User > Email Inbox.,No email account associated with the User. Please add an account under User > Email Inbox.
No Email Accounts Assigned,لا البريد الإلكتروني حسابات مُسند
No Emails,No Emails
No Entry for the User {0} found within LDAP!,No Entry for the User {0} found within LDAP!
No Events Today,لا أحداث اليوم
no failed attempts,no failed attempts
No failed logs,لا فشل سجلات
"No fields found that can be used as a Kanban Column. Use the Customize Form to add a Custom Field of type ""Select"".","No fields found that can be used as a Kanban Column. Use the Customize Form to add a Custom Field of type ""Select""."
No file attached,No file attached
No filters found,لا المرشحات وُجد
No Filters Set,لا المرشحات تعيين
No further records,لا إضافي سجلات
No Google Calendar Event to sync.,No Google Calendar Event to sync.
No items found.,لم يُعثر على أصناف.
No Label,لا التسمية
No LDAP User found for email: {0},لا LDAP مستخدم وُجد لـ البريد الإلكتروني: {0}
No matching records. Search something new,No matching records. Search something new
No More Activity,لا المزيد النشاط
No more items to display,لا المزيد أصناف إلى العرض
No more posts,No more posts
No Name Specified for {0},No Name Specified for {0}
"No need for symbols, digits, or uppercase letters.","No need for symbols, digits, or uppercase letters."
No new Google Contacts synced.,No new Google Contacts synced.
No of Columns,لا من أعمدة
No of emails remaining to be synced,No of emails remaining to be synced
No of Rows (Max 500),لا من صفوف (الحد الأقصى 500)
No pending or current jobs for this site,No pending or current jobs for this site
No permission for {0},لا صلاحية لـ {0}
No permission to '{0}' {1},لا صلاحية إلى '{0}' {1}
No permission to read {0},لا صلاحية إلى قراءة {0}
No permission to {0} {1} {2},لا صلاحية إلى {0} {1} {2}
No Permissions set for this criteria.,لا صلاحيات تعيين لـ هذا معايير.
No Permissions Specified,No Permissions Specified
No Permitted Charts,No Permitted Charts
No Permitted Charts on this Dashboard,No Permitted Charts on this Dashboard
No posts yet,No posts yet
No Preview,لا معاينة
No Preview Available,لا معاينة متاح
No Printer is Available.,No Printer is Available.
No Records Created,لا سجلات تاريخ الإنشاء
No records deleted,لا سجلات حُذف
No records present in {0},لا سجلات حاضر في {0}
No records tagged.,No records tagged.
No records will be exported,لا سجلات سوف يكون مُصدَّر
No Results,لا نتائج
No results found for {0} in Global Search,لا نتائج وُجد لـ {0} في عالمي بحث
No Tags,لا وسوم
No template found at path: {0},لا قالب وُجد في مسار: {0}
No Upcoming Events,No Upcoming Events
No user found,لا مستخدم وُجد
No values to show,لا القيم إلى عرض
No {0} found,لا {0} وُجد
No {0} mail,No {0} mail
No {0} permission,لا {0} صلاحية
Non Negative,Non Negative
Non-Conforming,Non-Conforming
None,لا شيء
none of,لا شيء من
None: End of Workflow,لا شيء: النهاية من سير عمل
Not a valid Comma Separated Value (CSV File),Not a valid Comma Separated Value (CSV File)
Not a valid DocType view:,Not a valid Doc Type view:
Not a valid user,لا a صالح مستخدم
Not a valid User Image.,لا a صالح مستخدم صورة.
Not a valid Workflow Action,لا a صالح سير عمل إجراء
Not a zip file,Not a zip file
Not active,لا نشط
Not Allowed,Not Allowed
Not allowed for {0}: {1},Not allowed for {0}: {1}
"Not allowed to attach {0} document, please enable Allow Print For {0} in Print Settings","Not allowed to attach {0} document, please enable Allow Print For {0} in Print Settings"
Not allowed to change {0} after submission,Not allowed to change {0} after submission
Not allowed to Import,Not allowed to Import
Not allowed to print cancelled documents,Not allowed to print cancelled documents
Not allowed to print draft documents,Not allowed to print draft documents
Not Allowed: Disabled User,Not Allowed: Disabled User
Not Ancestors Of,Not Ancestors Of
Not Descendants Of,Not Descendants Of
Not enough permission to see links,Not enough permission to see links
Not Equals,Not Equals
Not Found,لا وُجد
Not found,لا وُجد
Not In,لا في
Not in Developer Mode,لا في مطور وضع
Not in Developer Mode! Set in site_config.json or make 'Custom' DocType.,Not in Developer Mode! Set in site_config.json or make 'Custom' Doc Type.
Not Like,لا مثل
Not Linked to any record,لا مرتبط إلى أي سجل
Not Permitted,Not Permitted
Not permitted,Not permitted
Not permitted to view {0},Not permitted to view {0}
Not Published,Not Published
Not Saved,لا حُفظ
Not Seen,Not Seen
Not Sent,لا مُرسل
Not Set,لا تعيين
Note,ملاحظة
Note Seen By,Note Seen By
Note:,ملاحظة:
Note: By default emails for failed backups are sent.,Note: By default emails for failed backups are sent.
Note: Changing the Page Name will break previous URL to this page.,Note: Changing the Page Name will break previous URL to this page.
"Note: For best results,  images must be of the same size and width must be greater than height.","Note: For best results,  images must be of the same size and width must be greater than height."
Note: Multiple sessions will be allowed in case of mobile device,Note: Multiple sessions will be allowed in case of mobile device
Notes:,ملاحظات:
Nothing to show,Nothing to show
Nothing to update,Nothing to update
Notification,إشعار
Notification Log,سجل إشعار
Notification Recipient,إشعار المستلم
Notification Settings,إعدادات إشعار
Notification Subscribed Document,Notification Subscribed Document
Notification Tones,Notification Tones
Notifications,إشعارات
Notifications and bulk mails will be sent from this outgoing server.,Notifications and bulk mails will be sent from this outgoing server.
Notifications Disabled,إشعارات معطّل
Notify by Email,Notify by Email
Notify by email,Notify by email
Notify if unreplied,Notify if unreplied
Notify if unreplied for (in mins),Notify if unreplied for (in mins)
Notify Users On Every Login,Notify Users On Every Login
Notify users with a popup when they log in,Notify users with a popup when they log in
Now,الآن
now,الآن
Number,الرقم
Number Card,بطاقة رقمية
Number Card Link,الرقم بطاقة رابط
Number Cards,الرقم بطاقات
Number Format,الرقم تنسيق
Number of Backups,Number of Backups
Number of columns for a field in a Grid (Total Columns in a grid should be less than 11),الرقم من أعمدة لـ a حقل في a شبكة (الإجمالي أعمدة في a شبكة يجب يكون أقل من 11)
Number of columns for a field in a List View or a Grid (Total Columns should be less than 11),الرقم من أعمدة لـ a حقل في a قائمة عرض أو a شبكة (الإجمالي أعمدة يجب يكون أقل من 11)
Number of DB Backups,Number of DB Backups
Number of DB backups cannot be less than 1,Number of DB backups cannot be less than 1
Number of Groups,Number of Groups
OAuth Authorization Code,OAuth Authorization Code
OAuth Bearer Token,OAuth Bearer Token
OAuth Client,OAuth العميل
OAuth Client ID,OAuth العميل المعرّف
OAuth Provider Settings,إعدادات OAuth المزود
Odisha,Odisha
Off,إيقاف
off,إيقاف
Office,مكتب
Office 365,مكتب 365
Offline,غير متصل
ok-circle,موافق دائرة
ok-sign,موافق توقيع
Old Password,قديم كلمة المرور
Old Password Required.,قديم كلمة المرور مطلوب.
old_parent,قديم أب
Older backups will be automatically deleted,Older backups will be automatically deleted
"On {0}, {1} wrote:","On {0}, {1} wrote:"
on_cancel,في إلغاء
on_change,on_change
on_submit,في إرسال
on_trash,on_trash
on_update,في تحديث
on_update_after_submit,في تحديث بعد إرسال
Onboarding,انضمام
Onboarding Complete,انضمام مكتمل
Onboarding Permission,انضمام صلاحية
Onboarding Step,انضمام خطوة
Onboarding Step Map,انضمام خطوة خريطة
"Once submitted, submittable documents cannot be changed. They can only be Cancelled and Amended.","Once submitted, submittable documents cannot be changed. They can only be Cancelled and Amended."
"Once you have set this, the users will only be able access documents (eg. Blog Post) where the link exists (eg. Blogger).","Once you have set this, the users will only be able access documents (eg. Blog Post) where the link exists (eg. Blogger)."
One Last Step,One Last Step
One of,One of
one of,one of
One Time Password (OTP) Registration Code from {},One Time Password (OTP) Registration Code from {}
Online,متصل
Only 200 inserts allowed in one request,Only 200 inserts allowed in one request
Only Administrator can delete Email Queue,فقط المسؤول يمكن حذف البريد الإلكتروني الانتظار
Only Administrator can edit,فقط المسؤول يمكن تعديل
Only Administrator can save a standard report. Please rename and save.,فقط المسؤول يمكن حفظ a معيار تقرير . يرجى إعادة تسمية و حفظ .
Only Administrator is allowed to use Recorder,Only Administrator is allowed to use Recorder
Only Allow Edit For,فقط السماح تعديل لـ
Only mandatory fields are necessary for new records. You can delete non-mandatory columns if you wish.,Only mandatory fields are necessary for new records. You can delete non-mandatory columns if you wish.
Only one {0} can be set as primary.,Only one {0} can be set as primary.
Only Options allowed for Data field are:,Only Options allowed for Data field are:
Only Send Records Updated in Last X Hours,Only Send Records Updated in Last X Hours
Only standard DocTypes are allowed to be customized from Customize Form.,Only standard Doc Types are allowed to be customized from Customize Form.
Only users involved in the document are listed,Only users involved in the document are listed
Only {0} emailed reports are allowed per user,Only {0} emailed reports are allowed per user
only.,فقط.
Oops,Oops
Oops! Something went wrong,Oops! Something went wrong
"Oops, you are not allowed to know that","Oops, you are not allowed to know that"
Open,فتح
Open a dialog with mandatory fields to create a new record quickly,Open a dialog with mandatory fields to create a new record quickly
Open a module or tool,Open a module or tool
Open Awesomebar,Open Awesomebar
Open Chat,Open Chat
Open Document,فتح مستند
Open Documents,فتح المستندات
Open Help,فتح مساعدة
Open Link,فتح رابط
Open list item,فتح قائمة صنف
Open Reference Document,فتح المرجع مستند
Open Settings,إعدادات فتح
Open Source Applications for the Web,Open Source Applications for the Web
Open Translation,Open Translation
Open URL in a New Tab,فتح URL في a جديد تبويب
Open your authentication app on your mobile phone.,Open your authentication app on your mobile phone.
Open {0},فتح {0}
Opened,Opened
Operation,عملية
Operator must be one of {0},Operator must be one of {0}
Option 1,خيار 1
Option 2,خيار 2
Option 3,خيار 3
Option {0} for field {1} is not a child table,خيار {0} لـ حقل {1} هو لا a فرعي جدول
Optional: Always send to these ids. Each Email Address on a new row,Optional: Always send to these ids. Each Email Address on a new row
Optional: The alert will be sent if this expression is true,Optional: The alert will be sent if this expression is true
Options,خيارات
Options 'Dynamic Link' type of field must point to another Link Field with options as 'DocType',Options 'Dynamic Link' type of field must point to another Link Field with options as 'Doc Type'
Options for select. Each option on a new line.,خيارات لـ اختيار . كل خيار في a جديد خط .
Options for {0} must be set before setting the default value.,Options for {0} must be set before setting the default value.
Options Help,خيارات مساعدة
Options not set for link field {0},خيارات لا تعيين لـ رابط حقل {0}
or attach a,or attach a
Or login with,أو تسجيل الدخول مع
orange,orange
Order,أمر
Org History,Org History
Org History Heading,Org History Heading
Organizational Unit for Users,Organizational Unit for Users
Orientation,توجيه
Original Value,أصلي القيمة
Other,أخرى
Other Territory,Other Territory
OTP App,OTP تطبيق
OTP Issuer Name,اسم OTP مُصدِر
OTP secret can only be reset by the Administrator.,OTP secret can only be reset by the Administrator.
OTP Secret has been reset. Re-registration will be required on next login.,OTP سري لديه كان إعادة ضبط. Re تسجيل سوف يكون مطلوب في التالي تسجيل الدخول.
OTP setup using OTP App was not completed. Please contact Administrator.,OTP إعداد باستخدام OTP تطبيق كان لا مكتمل. يرجى جهة اتصال المسؤول.
Outgoing email account not correct,Outgoing email account not correct
Outlook.com,Outlook.com
Output,مخرجات
Overwrite,Overwrite
Owner,المالك
Package Document Type,نوع حزمة مستند
Package Publish Target,Package Publish Target
Package Publish Tool,Package Publish Tool
Page,صفحة
page,صفحة
Page Builder,Page Builder
Page Building Blocks,Page Building Blocks
Page has expired!,صفحة لديه منتهي !
Page HTML,صفحة HTML
Page Length,صفحة طول
Page Missing or Moved,صفحة مفقود أو نُقل
Page Name,اسم صفحة
Page not found,لم يُعثر على صفحة
Page Settings,إعدادات صفحة
Page Shortcuts,صفحة اختصارات
Page to show on the website\n,Page to show on the website\n
Page {0} of {1},صفحة {0} من {1}
Pages in Desk (place holders),Pages in Desk (place holders)
Parameter,معامل
Parent,أب
Parent Error Snapshot,أب خطأ لقطة
Parent Field (Tree),أب حقل (شجرة)
Parent Field must be a valid fieldname,Parent Field must be a valid fieldname
Parent is required to get child table data,أب مطلوب إلى احصل فرعي جدول بيانات
Parent is the name of the document to which the data will get added to.,Parent is the name of the document to which the data will get added to.
Parent Label,أب التسمية
Parent Table,أب جدول
Partial Success,جزئي نجاح
Partially Successful,Partially Successful
Participants,Participants
Party GSTIN,Party GSTIN
Passive,Passive
Password,كلمة المرور
Password changed successfully.,Password changed successfully.
Password for Base DN,Password for Base DN
Password is required or select Awaiting Password,Password is required or select Awaiting Password
Password not found,لم يُعثر على كلمة المرور
Password Reset,كلمة المرور إعادة ضبط
Password reset instructions have been sent to your email,كلمة المرور إعادة ضبط تعليمات لديه كان مُرسل إلى الخاص بك البريد الإلكتروني
Password Reset Link Generation Limit,Password Reset Link Generation Limit
Password Updated,كلمة المرور حُدّث
Passwords do not match!,Passwords do not match!
Paste,لصق
Patch,تصحيح
Patch Log,سجل تصحيح
Path,مسار
Path to CA Certs File,Path to CA Certs File
Path to private Key File,مسار إلى خاص مفتاح ملف
Path to Server Certificate,مسار إلى الخادم شهادة
pause,pause
Payment Cancelled,السداد ملغى
Payment Success,السداد نجاح
PayPal payment gateway settings,Pay Pal payment gateway settings
PayPal Settings,Pay Pal Settings
Paytm payment gateway settings,Paytm payment gateway settings
Paytm Settings,Paytm Settings
PDF,PDF
PDF generation failed,PDF generation failed
PDF generation failed because of broken image links,PDF generation failed because of broken image links
PDF Page Size,PDF صفحة حجم
"PDF printing via ""Raw Print"" is not yet supported. Please remove the printer mapping in Printer Settings and try again.","PDF printing via ""Raw Print"" is not yet supported. Please remove the printer mapping in Printer Settings and try again."
PDF Settings,إعدادات PDF
pencil,pencil
Pending,قيد الانتظار
Pending Approval,قيد الانتظار موافقة
Pending Verification,Pending Verification
Percent,نسبة
Percent Complete,نسبة مكتمل
Percentage,نسبة
Period,الفترة
Perm Level,Perm Level
Permanent,دائم
Permanently Cancel {0}?,Permanently Cancel {0}?
Permanently delete {0}?,Permanently delete {0}?
Permanently Submit {0}?,Permanently Submit {0}?
Permission Error,صلاحية خطأ
Permission Level,صلاحية مستوى
Permission Levels,صلاحية مستويات
Permission Rules,صلاحية قواعد
Permissions,صلاحيات
Permissions are automatically applied to Standard Reports and searches.,Permissions are automatically applied to Standard Reports and searches.
"Permissions are set on Roles and Document Types (called DocTypes) by setting rights like Read, Write, Create, Delete, Submit, Cancel, Amend, Report, Import, Export, Print, Email and Set User Permissions.","Permissions are set on Roles and Document Types (called Doc Types) by setting rights like Read, Write, Create, Delete, Submit, Cancel, Amend, Report, Import, Export, Print, Email and Set User Permissions."
Permissions at higher levels are Field Level permissions. All Fields have a Permission Level set against them and the rules defined at that permissions apply to the field. This is useful in case you want to hide or make certain field read-only for certain Roles.,Permissions at higher levels are Field Level permissions. All Fields have a Permission Level set against them and the rules defined at that permissions apply to the field. This is useful in case you want to hide or make certain field read-only for certain Roles.
"Permissions at level 0 are Document Level permissions, i.e. they are primary for access to the document.","Permissions at level 0 are Document Level permissions, i.e. they are primary for access to the document."
Permissions get applied on Users based on what Roles they are assigned.,Permissions get applied on Users based on what Roles they are assigned.
Permitted Documents For User,Permitted Documents For User
Personal,شخصي
Personal Data Deletion Request,Personal Data Deletion Request
Personal Data Download Request,شخصي بيانات تحميل طلب
Phone,الهاتف
Phone No.,الهاتف لا.
Pick Columns,Pick Columns
picture,picture
Pie,Pie
Pin Globally,Pin Globally
Pin To Bottom,Pin To Bottom
Pin To Top,Pin To Top
Pincode,Pincode
Places,Places
plane,plane
Plant,مصنع
play,play
play-circle,play-circle
Please add a subject to your email,يرجى إضافة a موضوع إلى الخاص بك البريد الإلكتروني
Please add a valid comment.,يرجى إضافة a صالح تعليق.
Please ask your administrator to verify your sign-up,Please ask your administrator to verify your sign-up
Please attach a file first.,Please attach a file first.
Please attach an image file to set HTML,Please attach an image file to set HTML
Please check the filter values set for Dashboard Chart: {},Please check the filter values set for Dashboard Chart: {}
"Please check the value of ""Fetch From"" set for field {0}","Please check the value of ""Fetch From"" set for field {0}"
Please check your email for verification,Please check your email for verification
Please check your registered email address for instructions on how to proceed. Do not close this window as you will have to return to it.,Please check your registered email address for instructions on how to proceed. Do not close this window as you will have to return to it.
Please click on the following link to set your new password,Please click on the following link to set your new password
Please close this window,Please close this window
Please confirm your action to {0} this document.,يرجى تأكيد الخاص بك إجراء إلى {0} هذا مستند.
Please create Card first,يرجى إنشاء بطاقة أول
Please create chart first,يرجى إنشاء مخطط أول
Please do not change the rows above {0},Please do not change the rows above {0}
Please do not change the template headings.,Please do not change the template headings.
Please duplicate this to make changes,يرجى مكرر هذا إلى إنشاء التغييرات
Please Duplicate this Website Theme to customize.,Please Duplicate this Website Theme to customize.
Please enable developer mode to create new connection,يرجى تفعيل مطور وضع إلى إنشاء جديد اتصال
Please enable pop-ups,Please enable pop-ups
Please enable pop-ups in your browser,Please enable pop-ups in your browser
Please enable twilio settings before sending WhatsApp messages,Please enable twilio settings before sending Whats App messages
Please enable Twilio settings to send WhatsApp messages,Please enable Twilio settings to send Whats App messages
Please ensure that your profile has an email address,Please ensure that your profile has an email address
Please enter Access Token URL,Please enter Access Token URL
Please enter Authorize URL,Please enter Authorize URL
Please enter Base URL,Please enter Base URL
Please enter Client ID before social login is enabled,Please enter Client ID before social login is enabled
Please enter Client Secret before social login is enabled,Please enter Client Secret before social login is enabled
Please enter Redirect URL,Please enter Redirect URL
Please enter the password,Please enter the password
Please enter valid mobile nos,Please enter valid mobile nos
Please enter values for App Access Key and App Secret Key,Please enter values for App Access Key and App Secret Key
Please Enter Your Password to Continue,Please Enter Your Password to Continue
Please find attached {0}: {1},Please find attached {0}: {1}
Please generate keys for the Event Subscriber User {0} first.,Please generate keys for the Event Subscriber User {0} first.
Please hide the standard navbar items instead of deleting them,Please hide the standard navbar items instead of deleting them
Please Install the ldap3 library via pip to use ldap functionality.,Please Install the ldap3 library via pip to use ldap functionality.
Please make sure that there are no empty columns in the file.,Please make sure that there are no empty columns in the file.
Please make sure the Reference Communication Docs are not circularly linked.,Please make sure the Reference Communication Docs are not circularly linked.
Please refresh to get the latest document.,Please refresh to get the latest document.
Please save before attaching.,Please save before attaching.
Please save the document before assignment,Please save the document before assignment
Please save the document before removing assignment,Please save the document before removing assignment
Please save the Newsletter before sending,Please save the Newsletter before sending
Please save the report first,Please save the report first
Please save to edit the template.,Please save to edit the template.
Please select a Amount Field.,يرجى اختيار a المبلغ حقل .
Please select a file or url,يرجى اختيار a ملف أو رابط
Please select a new name to rename,يرجى اختيار a جديد الاسم إلى إعادة تسمية
Please select a valid csv file with data,Please select a valid csv file with data
Please select a valid date filter,يرجى اختيار a صالح التاريخ تصفية
Please select another payment method. PayPal does not support transactions in currency '{0}',Please select another payment method. Pay Pal does not support transactions in currency '{0}'
Please select another payment method. Paytm does not support transactions in currency '{0}',Please select another payment method. Paytm does not support transactions in currency '{0}'
Please select another payment method. Razorpay does not support transactions in currency '{0}',Please select another payment method. Razorpay does not support transactions in currency '{0}'
Please select another payment method. Stripe does not support transactions in currency '{0}',Please select another payment method. Stripe does not support transactions in currency '{0}'
Please select applicable Doctypes,Please select applicable Doctypes
Please select atleast 1 column from {0} to sort/group,Please select atleast 1 column from {0} to sort/group
Please select Company,يرجى اختيار الشركة
Please select DocType first,Please select Doc Type first
Please select document type first.,يرجى اختيار مستند النوع أول .
Please select Entity Type first,Please select Entity Type first
Please select Minimum Password Score,يرجى اختيار الحد الأدنى كلمة المرور درجة
Please select prefix first,يرجى اختيار بادئة أول
Please select target language for translation,Please select target language for translation
Please select the Document Type.,Please select the Document Type.
Please select {0},يرجى اختيار { 0 }
Please set a printer mapping for this print format in the Printer Settings,Please set a printer mapping for this print format in the Printer Settings
Please set API Key and Secret on the producer and consumer sites first.,Please set API Key and Secret on the producer and consumer sites first.
Please set Base URL in Social Login Key for Frappe,Please set Base URL in Social Login Key for Frappe
Please Set Chart,يرجى تعيين الملف الطبي
Please set Dropbox access keys in your site config,Please set Dropbox access keys in your site config
Please set Email Address,يرجى تعيين البريد الإلكتروني العنوان
Please set filters,يرجى تعيين المرشحات
Please set filters value in Report Filter table.,يرجى تعيين المرشحات القيمة في تقرير تصفية جدول.
Please set the following documents in this Dashboard as standard first.,Please set the following documents in this Dashboard as standard first.
Please set the series to be used.,Please set the series to be used.
Please setup a message first,يرجى إعداد a رسالة أول
Please setup default Email Account from Setup > Email > Email Account,يرجى إعداد افتراضي البريد الإلكتروني حساب من الإعداد > البريد الإلكتروني > البريد الإلكتروني حساب
"Please setup SMS before setting it as an authentication method, via SMS Settings","Please setup SMS before setting it as an authentication method, via SMS Settings"
Please specify,Please specify
Please specify which date field must be checked,Please specify which date field must be checked
Please specify which value field must be checked,Please specify which value field must be checked
Please try again,يرجى حاول مجددًا
Please Update SMS Settings,إعدادات يرجى تحديث رسالة نصية
Please verify your Email Address,يرجى تحقق الخاص بك البريد الإلكتروني العنوان
plus,plus
plus-sign,plus-sign
Point Allocation Periodicity,Point Allocation Periodicity
Points,Points
Points Given,Points Given
Pondicherry,Pondicherry
Port,المنفذ
Portal Menu,بوابة القائمة
Portal Menu Item,بوابة القائمة الصنف
Portal Settings,إعدادات بوابة
Portrait,Portrait
Position,منصب
Post,منشور
Post Comment,منشور تعليق
Postal,بريدي
Postal Code,رمز بريدي
Postprocess Method,Postprocess Method
Posts,Posts
Posts by {0},Posts by {0}
Posts filed under {0},Posts filed under {0}
Precision,Precision
Precision should be between 1 and 6,Precision should be between 1 and 6
Predictable substitutions like '@' instead of 'a' don't help very much.,Predictable substitutions like '@' instead of 'a' don't help very much.
Prefer not to say,Prefer not to say
Preferred Billing Address,Preferred Billing Address
Preferred Shipping Address,Preferred Shipping Address
Prefix,بادئة
Prepared Report,Prepared Report
Prepared Report Expiry Period (Days),Prepared Report Expiry Period (Days)
Prepared Report User,Prepared Report User
Preparing Report,Preparing Report
Preprocess Method,Preprocess Method
Press Alt Key to trigger additional shortcuts in Menu and Sidebar,Press Alt Key to trigger additional shortcuts in Menu and Sidebar
Press Enter to save,Press Enter to save
Preview,معاينة
Preview HTML,معاينة HTML
Preview Message,معاينة رسالة
Previous,السابق
Previous Hash,السابق تجزئة
Primary,أساسي
Primary Color,أساسي لون
Print,طباعة
print,طباعة
Print Documents,طباعة المستندات
Print Format,طباعة تنسيق
Print Format Builder,Print Format Builder
Print Format Help,طباعة تنسيق مساعدة
Print Format Type,نوع طباعة تنسيق
Print Format {0} is disabled,طباعة تنسيق {0} هو معطّل
Print Hide,طباعة إخفاء
Print Hide If No Value,طباعة إخفاء إذا لا القيمة
Print Sent to the printer!,Print Sent to the printer!
Print Server,طباعة الخادم
Print Settings,إعدادات طباعة
Print Settings...,طباعة الإعدادات...
Print Style,طباعة نمط
Print Style Name,اسم طباعة نمط
Print Style Preview,طباعة نمط معاينة
Print taxes with zero amount,Print taxes with zero amount
Print UOM after Quantity,طباعة UOM بعد الكمية
Print Width,طباعة عرض
"Print Width of the field, if the field is a column in a table","Print Width of the field, if the field is a column in a table"
Print with letterhead,Print with letterhead
Printer,Printer
Printer Mapping,Printer Mapping
Printer Name,Printer Name
Printer Settings,Printer Settings
Printing,Printing
Printing failed,Printing failed
Priority,الأولوية
Private,خاص
Private and public Notes.,خاص و عام ملاحظات.
Private Key,خاص مفتاح
Proceed Anyway,Proceed Anyway
Processing,قيد المعالجة
Processing...,قيد المعالجة...
Producer Document Name,اسم منتج مستند
Producer URL,منتج URL
Prof,Prof
Progress,Progress
Project,مشروع
Property,عقار
Property Depends On,Property Depends On
Property Setter,Property Setter
Property Setter overrides a standard DocType or Field property,Property Setter overrides a standard Doc Type or Field property
Property Type,نوع عقار
ProTip: Add <code>Reference: {{ reference_doctype }} {{ reference_name }}</code> to send document reference,Pro Tip: Add <code>Reference: {{ reference_doctype }} {{ reference_name }}</code> to send document reference
Provider,المزود
Provider Name,اسم المزود
Public,عام
Public Key,عام مفتاح
Public Transport,عام نقل
Publish,Publish
Publishable Key,Publishable Key
Published,Published
Published On,Published On
Published on,Published on
Pull,Pull
Pull Failed,Pull Failed
Pull from Google Calendar,Pull from Google Calendar
Pull from Google Contacts,Pull from Google Contacts
Pull Insert,Pull Insert
Pull Update,Pull Update
Pulled from Google Calendar,Pulled from Google Calendar
Pulled from Google Contacts,Pulled from Google Contacts
Punjab,Punjab
Purchase Manager,شراء مدير
Purchase Master Manager,شراء رئيسي مدير
Purchase User,شراء مستخدم
purple,purple
Push,Push
Push Delete,Push Delete
Push Failed,Push Failed
Push Insert,Push Insert
Push to Google Calendar,Push to Google Calendar
Push to Google Contacts,Push to Google Contacts
Push Update,Push Update
Python Module,Python Module
Pyver,Pyver
QR Code,رمز QR
QR Code for Login Verification,QR Code for Login Verification
qrcode,qrcode
Quarter Day,ربع يوم
Quarterly,ربع سنوي
Query,Query
Query / Script,Query / Script
Query must be a SELECT,Query must be a SELECT
Query Options,Query Options
Query Report,Query Report
query-report,query-report
question-sign,سؤال توقيع
Queue / Worker,Queue / Worker
Queue should be one of {0},Queue should be one of {0}
Queued,في الانتظار
Queued for backup. It may take a few minutes to an hour.,في الانتظار لـ نسخ احتياطي. هو قد أخذ a قليل دقائق إلى an ساعة.
Queued for backup. You will receive an email with the download link,Queued for backup. You will receive an email with the download link
Quick Entry,Quick Entry
Quick Help for Setting Permissions,Quick Help for Setting Permissions
QZ Tray Connection Active!,QZ Tray Connection Active!
QZ Tray Failed:,QZ Tray Failed:
Rajasthan,Rajasthan
random,random
Range,Range
Rank:,الترتيب:
Rating,التقييم
Rating:,التقييم:
Raw Commands,Raw Commands
Raw Email,Raw Email
RAW Information Log,RAW Information Log
Raw Printing,Raw Printing
Raw Printing Settings...,Raw Printing Settings...
Razorpay Payment gateway settings,Razorpay Payment gateway settings
Razorpay Settings,Razorpay Settings
Razorpay Signature Verification Failed,Razorpay Signature Verification Failed
Read,قراءة
Read by Recipient,قراءة بواسطة المستلم
Read by Recipient On,قراءة بواسطة المستلم في
Read Only,قراءة فقط
Read Only Depends On,Read Only Depends On
Read Time,قراءة الوقت
Reason,السبب
Rebuild,Rebuild
Received,مستلم
Receiver By Document Field,مستلم بواسطة مستند حقل
Receiver By Role,مستلم بواسطة الدور
Receiver Parameter,مستلم معامل
Recent Activity,Recent Activity
Recent years are easy to guess.,Recent years are easy to guess.
Recipient,المستلم
Recipient Unsubscribed,Recipient Unsubscribed
Recipients,Recipients
Record does not exist,سجل غير موجود
Recorder,Recorder
Records for following doctypes will be filtered,Records for following doctypes will be filtered
red,red
Redirect To,Redirect To
Redirect URI Bound To Auth Code,Redirect URI Bound To Auth Code
Redirect URIs,Redirect URIs
Redirect URL,Redirect URL
Redis cache server not running. Please contact Administrator / Tech support,Redis cache server not running. Please contact Administrator / Tech support
Ref DocType,Ref Doc Type
Ref Report DocType,Ref Report Doc Type
Reference,المرجع
Reference Date,تاريخ المرجع
Reference DocName,Reference Doc Name
Reference Docname,Reference Docname
Reference DocType,Reference Doc Type
Reference Doctype,المرجع نوع المستند
Reference DocType and Reference Name are required,Reference Doc Type and Reference Name are required
Reference Document,المرجع مستند
Reference document has been cancelled,المرجع مستند لديه كان أُلغي
Reference Document Type,نوع المرجع مستند
Reference Name,اسم المرجع
Reference name,المرجع الاسم
Reference Owner,المرجع المالك
Reference Report,تقرير المرجع
Reference Type,نوع المرجع
Reference: {0} {1},المرجع: {0} {1}
Referrer,Referrer
Refresh,تحديث
refresh,تحديث
Refresh All,تحديث الكل
Refresh Google Sheet,Refresh Google Sheet
Refresh Token,تحديث رمز
Refreshing,Refreshing
Refreshing...,جاري التحديث...
Region,منطقة
Register OAuth Client App,تسجيل OAuth العميل تطبيق
Registered but disabled,مسجّل لكن معطّل
Rejected,مرفوض
Relapsed,Relapsed
Relapses,Relapses
Relink,Relink
Relink Communication,Relink Communication
Relinked,Relinked
Reload,إعادة تحميل
Reload File,إعادة تحميل ملف
Remember Last Selected Value,Remember Last Selected Value
Remote,عن بُعد
Remote Document Type,نوع عن بُعد مستند
Remote Fieldname,Remote Fieldname
Remote ID,عن بُعد المعرّف
Remote Objectname,Remote Objectname
Remote Primary Key,عن بُعد أساسي مفتاح
Remote Value Filters,عن بُعد القيمة المرشحات
Remove,إزالة
remove,إزالة
Remove all customizations?,إزالة كل تخصيصات ?
Remove Field,إزالة حقل
Remove Filter,إزالة تصفية
Remove Section,إزالة قسم
Remove Tag,إزالة وسم
remove-circle,إزالة دائرة
remove-sign,إزالة توقيع
removed,أُزيل
Removed {0},أُزيل {0}
Rename,إعادة تسمية
Rename many items by uploading a .csv file.,Rename many items by uploading a .csv file.
Rename {0},إعادة تسمية {0}
"Renamed files and replaced code in controllers, please check!","Renamed files and replaced code in controllers, please check!"
renamed from {0} to {1},renamed from {0} to {1}
Reopen,Reopen
Repeat,Repeat
repeat,repeat
Repeat Header and Footer in PDF,Repeat Header and Footer in PDF
Repeat On,Repeat On
Repeat on Day,Repeat on Day
Repeat on Last Day of the Month,Repeat on Last Day of the Month
Repeat this Event,Repeat this Event
Repeat Till,Repeat Till
"Repeats like ""aaa"" are easy to guess","Repeats like ""aaa"" are easy to guess"
"Repeats like ""abcabcabc"" are only slightly harder to guess than ""abc""","Repeats like ""abcabcabc"" are only slightly harder to guess than ""abc"""
Repeats {0},Repeats {0}
Replied,Replied
Reply,Reply
Reply All,Reply All
Report,تقرير
Report Builder,Report Builder
Report cannot be set for Single types,Report cannot be set for Single types
Report Column,تقرير عمود
Report Description,تقرير الوصف
Report Document Error,تقرير مستند خطأ
Report End Time,تقرير النهاية الوقت
Report Filter,تقرير تصفية
Report Filters,تقرير المرشحات
"Report has no data, please modify the filters or change the Report Name","Report has no data, please modify the filters or change the Report Name"
"Report has no numeric fields, please change the Report Name","Report has no numeric fields, please change the Report Name"
Report Hide,تقرير إخفاء
Report Information,تقرير معلومات
Report Manager,تقرير مدير
Report Name,اسم تقرير
Report of all document shares,تقرير من كل مستند أسهم
Report Reference Doctype,تقرير المرجع نوع المستند
Report Start Time,تقرير بدء الوقت
Report Type,نوع تقرير
Report updated successfully,Report updated successfully
Report was not saved (there were errors),تقرير كان لا حُفظ (هناك كانوا أخطاء)
Report with more than 10 columns looks better in Landscape mode.,Report with more than 10 columns looks better in Landscape mode.
Report {0},تقرير {0}
Report {0} is disabled,تقرير {0} هو معطّل
Report:,تقرير:
Reports,تقارير
Reports & Masters,Reports & Masters
Reports already in Queue,تقارير بالفعل في الانتظار
Represents a User in the system.,Represents a User in the system.
Represents the states allowed in one document and role assigned to change the state.,Represents the states allowed in one document and role assigned to change the state.
Request Body consists of an invalid JSON structure,Request Body consists of an invalid JSON structure
Request Data,طلب بيانات
Request Structure,طلب بنية
Request Timed Out,Request Timed Out
Request URL,طلب URL
Require Trusted Certificate,Require Trusted Certificate
Res: {0},Res: {0}
Reset,إعادة ضبط
Reset Chart,إعادة ضبط الملف الطبي
Reset Fields,إعادة ضبط حقول
Reset LDAP Password,إعادة ضبط LDAP كلمة المرور
Reset OTP Secret,إعادة ضبط OTP سري
Reset Password,إعادة ضبط كلمة المرور
Reset Password Key,إعادة ضبط كلمة المرور مفتاح
Reset Permissions for {0}?,إعادة ضبط صلاحيات لـ {0}?
Reset to defaults,Reset to defaults
Reset your password,إعادة ضبط الخاص بك كلمة المرور
resize-full,resize-full
resize-horizontal,resize-horizontal
resize-small,resize-small
resize-vertical,resize-vertical
Response,استجابة
response,استجابة
Response Type,نوع استجابة
Restore,استعادة
Restore or permanently delete a document.,Restore or permanently delete a document.
Restore Original Permissions,استعادة أصلي صلاحيات
Restore to default settings?,استعادة إلى افتراضي إعدادات?
Restored,استُعيد
restored {0} as {1},استُعيد {0} كـ {1}
Restoring Deleted Document,Restoring Deleted Document
Restrict IP,تقييد IP
Restrict To Domain,تقييد إلى النطاق
Restrict to Domain,تقييد إلى النطاق
Restrict user for specific document,Restrict user for specific document
Restrict user from this IP address only. Multiple IP addresses can be added by separating with commas. Also accepts partial IP addresses like (111.111.111),Restrict user from this IP address only. Multiple IP addresses can be added by separating with commas. Also accepts partial IP addresses like (111.111.111)
Restricted,مقيد
Restrictions,Restrictions
Resume Sending,Resume Sending
Resync,Resync
Retake,Retake
Retry,Retry
Return to the Verification screen and enter the code displayed by your authentication app,Return to the Verification screen and enter the code displayed by your authentication app
retweet,retweet
Reverse Icon Color,Reverse Icon Color
Revert,Revert
Revert Of,Revert Of
Reverted,Reverted
Reverting length to {0} for '{1}' in '{2}'. Setting the length as {3} will cause truncation of data.,Reverting length to {0} for '{1}' in '{2}'. Setting the length as {3} will cause truncation of data.
Review,مراجعة
Review Level,مراجعة مستوى
Review Levels,مراجعة مستويات
Review Points,Review Points
Review Points:,Review Points:
Reviews,Reviews
Revoke,سحب
Revoked,ملغى
Rich Text,Rich Text
Right,يمين
road,road
Robots.txt,Robots.txt
Role,الدور
Role and Level,الدور و مستوى
Role Name,اسم الدور
Role Permission for Page and Report,تقرير الدور صلاحية لـ صفحة و
Role Permissions,الدور صلاحيات
Role Permissions Manager,مدير صلاحيات الأدوار
Role Profile,الدور الملف الشخصي
Roles,أدوار
Roles Assigned,أدوار مُسند
Roles can be set for users from their User page.,أدوار يمكن يكون تعيين لـ مستخدمون من الخاص بهم مستخدم صفحة.
Roles HTML,أدوار HTML
Roles Html,Roles Html
Room,غرفة
Room Type,نوع غرفة
Root {0} cannot be deleted,جذر {0} لا يمكن يكون حُذف
Round Robin,Round Robin
Route,مسار
Route History,سجل مسار
Route Redirects,Route Redirects
Route to Success Link,مسار إلى نجاح رابط
"Route: Example ""/desk""","مسار : مثال "" / المكتب """
Row,صف
Row #,صف #
Row #{0}:,صف #{0}:
Row #{0}: Invalid Local Fieldname,Row #{0}: Invalid Local Fieldname
Row #{0}: Please set Mapping or Default Value for the field {1} since its a dependency field,Row #{0}: Please set Mapping or Default Value for the field {1} since its a dependency field
Row #{0}: Please set remote value filters for the field {1} to fetch the unique remote dependency document,Row #{0}: Please set remote value filters for the field {1} to fetch the unique remote dependency document
Row Index,صف مؤشر
Row Name,اسم صف
Row No,صف لا
Row Number,صف الرقم
Row Status,حالة صف
Row Values Changed,Row Values Changed
Row {0},صف {0}
Row {0}: Not allowed to disable Mandatory for standard fields,Row {0}: Not allowed to disable Mandatory for standard fields
Row {0}: Not allowed to enable Allow on Submit for standard fields,Row {0}: Not allowed to enable Allow on Submit for standard fields
Rows Added,صفوف أُضيف
Rows Removed,صفوف أُزيل
Rule,قاعدة
Rule Conditions,قاعدة شروط
Rule Name,اسم القاعدة
Rules defining transition of state in the workflow.,Rules defining transition of state in the workflow.
"Rules for how states are transitions, like next state and which role is allowed to change state etc.","Rules for how states are transitions, like next state and which role is allowed to change state etc."
Rules with higher priority number will be applied first.,Rules with higher priority number will be applied first.
Run,تشغيل
Run Jobs only Daily if Inactive For (Days),تشغيل مهام فقط يومي إذا غير نشط لـ (أيام)
Run scheduled jobs only if checked,تشغيل مجدول مهام فقط إذا محدد
S3 Backup complete!,S3 النسخ الاحتياطي مكتمل!
S3 Backup Settings,إعدادات S3 النسخ الاحتياطي
S3 Bucket Details,S3 Bucket Details
sa-east-1,sa-east-1
Sales Manager,مبيعات مدير
Sales Master Manager,مبيعات رئيسي مدير
Sales User,مبيعات مستخدم
Salesforce,Salesforce
Salutation,Salutation
Same Field is entered more than once,Same Field is entered more than once
Sample,عينة
Saturday,السبت
Save,حفظ
Save Anyway,Save Anyway
Save API Secret:,حفظ واجهة API سري:
Save As,حفظ كـ
Save Filter,حفظ تصفية
Save filters,حفظ المرشحات
Save Report,تقرير حفظ
Saved,حُفظ
Saved Successfully,Saved Successfully
Saving,Saving
Saving...,جاري الحفظ...
Scan the QR Code and enter the resulting code displayed.,Scan the QR Code and enter the resulting code displayed.
Schedule Script,Schedule Script
Schedule Send,Schedule Send
Schedule Sending,Schedule Sending
Scheduled,مجدول
Scheduled execution for script {0} has updated,Scheduled execution for script {0} has updated
Scheduled Job,مجدول وظيفة
Scheduled Job Log,سجل مجدول وظيفة
Scheduled Job Type,نوع مجدول وظيفة
Scheduled To Send,Scheduled To Send
Scheduled to send,Scheduled to send
Scheduler Event,Scheduler Event
Scheduler Inactive,Scheduler Inactive
Scheduler is inactive. Cannot import data.,Scheduler is inactive. Cannot import data.
Scopes,Scopes
screenshot,screenshot
Script,Script
Script Manager,Script Manager
Script or Query reports,Script or Query reports
Script Report,Script Report
Script to attach to all web pages.,Script to attach to all web pages.
Script Type,Script Type
Search,بحث
search,بحث
Search by filename or extension,Search by filename or extension
Search field {0} is not valid,بحث حقل {0} هو لا صالح
Search Fields,بحث حقول
Search for '{0}',بحث لـ '{0}'
Search for anything,Search for anything
Search Help,بحث مساعدة
Search in a document type,بحث في a مستند النوع
Search or Create a New Chat,Search or Create a New Chat
Search or type a command,ابحث أو اكتب أمرًا
Search Priorities,Search Priorities
Search Results for,بحث نتائج لـ
Search results for,بحث نتائج لـ
Search Source Text,Search Source Text
Search...,بحث...
Searching,Searching
Searching ...,Searching ...
Secret Key,سري مفتاح
Section,قسم
Section Break,Section Break
Section Heading,Section Heading
Security,الأمان
Security Settings,إعدادات الأمان
See all past reports.,See all past reports.
See https://docs.aws.amazon.com/general/latest/gr/s3.html for details.,See https://docs.aws.amazon.com/general/latest/gr/s3.html for details.
See on Website,See on Website
See the document at {0},See the document at {0}
Seems API Key or API Secret is wrong !!!,Seems API Key or API Secret is wrong !!!
"Seems issue with server's razorpay config. Don't worry, in case of failure amount will get refunded to your account.","Seems issue with server's razorpay config. Don't worry, in case of failure amount will get refunded to your account."
Seems Publishable Key or Secret Key is wrong !!!,Seems Publishable Key or Secret Key is wrong !!!
Seems token you are using is invalid!,Seems token you are using is invalid!
Seen,Seen
Seen By,Seen By
Seen By Table,Seen By Table
Select,اختيار
Select a Brand Image first.,اختيار a العلامة صورة أول.
Select a chat to start messaging.,Select a chat to start messaging.
Select a DocType to make a new format,Select a Doc Type to make a new format
Select a group node first.,اختيار a مجموعة عقدة أول.
Select a valid Sender Field for creating documents from Email,Select a valid Sender Field for creating documents from Email
Select a valid Subject field for creating documents from Email,Select a valid Subject field for creating documents from Email
Select All,تحديد الكل
Select an existing format to edit or start a new format.,Select an existing format to edit or start a new format.
Select an image of approx width 150px with a transparent background for best results.,Select an image of approx width 150px with a transparent background for best results.
Select atleast 1 record for printing,Select atleast 1 record for printing
Select atleast 2 actions,Select atleast 2 actions
Select Attachments,اختيار مرفقات
Select Child Table,اختيار فرعي جدول
Select Column,اختيار عمود
Select Columns,اختيار أعمدة
Select Dashboard,لوحة اختيار
Select Date Range,Select Date Range
Select DocType,Select Doc Type
Select Doctype,اختيار نوع المستند
Select Document Type,نوع اختيار مستند
Select Document Type or Role to start.,اختيار مستند النوع أو الدور إلى بدء.
Select Document Types to set which User Permissions are used to limit access.,اختيار مستند أنواع إلى تعيين أي مستخدم صلاحيات هم مستخدم إلى حد وصول.
Select Event Type,نوع اختيار حدث
Select Field,اختيار حقل
Select Field...,اختيار حقل...
Select Fields,اختيار حقول
Select Fields To Insert,Select Fields To Insert
Select Fields To Update,اختيار حقول إلى تحديث
Select File Format,اختيار ملف تنسيق
Select File Type,نوع اختيار ملف
Select Filters,اختيار المرشحات
Select From Date,تاريخ اختيار من
Select Google Calendar to which event should be synced.,Select Google Calendar to which event should be synced.
Select Google Contacts to which contact should be synced.,Select Google Contacts to which contact should be synced.
Select Group By...,اختيار مجموعة بواسطة...
Select Language,اختيار اللغة
Select Language...,اختيار اللغة...
Select Languages,Select Languages
Select list item,اختيار قائمة صنف
Select Mandatory,Select Mandatory
Select Module,اختيار وحدة
Select multiple list items,Select multiple list items
Select or drag across time slots to create a new event.,Select or drag across time slots to create a new event.
Select Print Format,اختيار طباعة تنسيق
Select Print Format to Edit,اختيار طباعة تنسيق إلى تعديل
Select records for assignment,Select records for assignment
Select Role,اختيار الدور
Select Table Columns for {0},اختيار جدول أعمدة لـ {0}
Select the label after which you want to insert new field.,Select the label after which you want to insert new field.
Select Transaction,اختيار معاملة
"Select your Country, Time Zone and Currency","اختيار الخاص بك الدولة, الوقت منطقة و العملة"
Select Your Region,اختيار الخاص بك منطقة
Select {0},اختيار {0}
Self approval is not allowed,Self approval is not allowed
Send,Send
Send After,Send After
Send alert if date matches this field's value,Send alert if date matches this field's value
Send alert if this field's value changes,Send alert if this field's value changes
Send Alert On,Send Alert On
Send an email reminder in the morning,Send an email reminder in the morning
Send an email to {0} to link it here,Send an email to {0} to link it here
Send Attachments,Send Attachments
Send days before or after the reference date,Send days before or after the reference date
Send Email Alert,Send Email Alert
Send Email for Successful Backup,Send Email for Successful Backup
Send Email for Successful backup,Send Email for Successful backup
Send Email Print Attachments as PDF (Recommended),Send Email Print Attachments as PDF (Recommended)
Send enquiries to this email address,Send enquiries to this email address
Send me a copy,Send me a copy
Send Me A Copy of Outgoing Emails,Send Me A Copy of Outgoing Emails
Send Notification To,Send Notification To
Send Notification to,Send Notification to
Send Notifications For Documents Followed By Me,Send Notifications For Documents Followed By Me
Send Notifications For Email Threads,Send Notifications For Email Threads
Send Notifications To,Send Notifications To
Send Now,Send Now
Send only if there is any data,Send only if there is any data
Send Print as PDF,Send Print as PDF
Send Read Receipt,Send Read Receipt
Send System Notification,Send System Notification
Send To All Assignees,Send To All Assignees
Send Unsubscribe Link,Send Unsubscribe Link
Send unsubscribe message in email,Send unsubscribe message in email
Send Welcome Email,Send Welcome Email
Sender,المرسل
Sender Email,المرسل البريد الإلكتروني
Sender Field,المرسل حقل
Sender Field should have Email in options,المرسل حقل يجب لديه البريد الإلكتروني في خيارات
Sendgrid,Sendgrid
Sending,Sending
Sent,مُرسل
Sent or Received,مُرسل أو مستلم
Sent Read Receipt,مُرسل قراءة الإيصال
Sent/Received Email,مُرسل/مستلم البريد الإلكتروني
Separator,Separator
Series List for this Transaction,قائمة سلسلة لـ هذا معاملة
Series {0} already used in {1},سلسلة {0} بالفعل مستخدم في {1}
Server Action,الخادم إجراء
Server Error,الخادم خطأ
Server IP,IP الخادم
Server Script,Server Script
Service,خدمة
Session Default,جلسة افتراضي
Session Default Settings,إعدادات جلسة افتراضي
Session Defaults,افتراضيات الجلسة
Session Defaults Saved,Session Defaults Saved
Session Expired,جلسة منتهي
Session Expiry,جلسة انتهاء
Session Expiry in Hours e.g. 06:00,جلسة انتهاء في ساعات e.g. 06:00
Session Expiry Mobile,جلسة انتهاء الجوال
Session Expiry must be in format {0},جلسة انتهاء يجب يكون في تنسيق {0}
Session Start Failed,جلسة بدء فشل
Set,تعيين
Set as Default,تعيين كـ افتراضي
Set as Default Theme,تعيين كـ افتراضي سمة
Set Banner from Image,Set Banner from Image
Set Chart,تعيين الملف الطبي
Set custom roles for page and report,تعيين مخصص أدوار لـ صفحة و تقرير
"Set default format, page size, print style etc.","Set default format, page size, print style etc."
"Set Default Options for all charts on this Dashboard (Ex: ""colors"": [""#d1d8dd"", ""#ff5858""])","Set Default Options for all charts on this Dashboard (Ex: ""colors"": [""#d1d8dd"", ""#ff5858""])"
Set Dynamic Filters,تعيين ديناميكي المرشحات
Set Filters,تعيين المرشحات
Set Filters for {0},تعيين المرشحات لـ {0}
Set New Password,تعيين جديد كلمة المرور
Set non-standard precision for a Float or Currency field,Set non-standard precision for a Float or Currency field
Set Number of Backups,Set Number of Backups
Set numbering series for transactions.,Set numbering series for transactions.
Set Only Once,تعيين فقط مرة
Set Password,تعيين كلمة المرور
Set Permissions,تعيين صلاحيات
Set Permissions on Document Types and Roles,تعيين صلاحيات في مستند أنواع و أدوار
Set Property After Alert,تعيين عقار بعد تنبيه
Set Quantity,تعيين الكمية
Set Role For,تعيين الدور لـ
Set to 0 for no limit on the number of backups taken,Set to 0 for no limit on the number of backups taken
Set up rules for user assignments.,Set up rules for user assignments.
Set User Permissions,تعيين مستخدم صلاحيات
Set Value,تعيين القيمة
Setting this Address Template as default as there is no other default,إعداد هذا العنوان قالب كـ افتراضي كـ هناك هو لا أخرى افتراضي
Setting up Global Search documents.,إعداد أعلى عالمي بحث مستندات.
Setting up your system,إعداد أعلى الخاص بك نظام
Settings,الإعدادات
Settings Dropdown,Settings Dropdown
Settings for About Us Page.,الإعدادات لـ حول لنا صفحة.
Settings for Contact Us Page,الإعدادات لـ جهة اتصال لنا صفحة
Settings for Contact Us Page.,الإعدادات لـ جهة اتصال لنا صفحة.
Settings for OAuth Provider,الإعدادات لـ OAuth المزود
Settings for the About Us Page,Settings for the About Us Page
Setup,الإعداد
Setup > Customize Form,الإعداد > تخصيص نموذج
Setup > User,الإعداد > مستخدم
Setup > User Permissions,الإعداد > مستخدم صلاحيات
Setup Auto Email,الإعداد آلي البريد الإلكتروني
Setup Complete,الإعداد مكتمل
Setup Notifications based on various criteria.,Setup Notifications based on various criteria.
"Setup of top navigation bar, footer and logo.","Setup of top navigation bar, footer and logo."
Setup Reports to be emailed at regular intervals,Setup Reports to be emailed at regular intervals
Setup Wizard,الإعداد معالج
Share,مشاركة
share,حصة
Share this document with,مشاركة هذا مستند مع
Share URL,مشاركة URL
Share With,مشاركة مع
Share {0} with,مشاركة {0} مع
share-alt,share-alt
Shared,مشترك
Shared With,مشترك مع
Shared with everyone,Shared with everyone
Shared with the following Users with Read access:{0},Shared with the following Users with Read access:{0}
Shared with {0},مشترك مع {0}
Shipping,شحن
Shop,متجر
shopping-cart,shopping-cart
Short keyboard patterns are easy to guess,Short keyboard patterns are easy to guess
Short Name,Short Name
Shortcuts,اختصارات
Show,عرض
show,عرض
Show all Versions,Show all Versions
Show as cc,عرض كـ cc
Show as Grid,عرض كـ شبكة
Show Attachments,عرض مرفقات
Show Calendar,عرض التقويم
Show CTA in Blog,Show CTA in Blog
Show Dashboard,لوحة عرض
Show Document,عرض مستند
Show failed jobs,عرض فشل مهام
Show Failed Logs,عرض فشل سجلات
Show Form Tour,Show Form Tour
Show Full Error and Allow Reporting of Issues to the Developer,Show Full Error and Allow Reporting of Issues to the Developer
Show full form instead of a quick entry modal,Show full form instead of a quick entry modal
Show Full Form?,عرض كامل نموذج?
Show in filter,عرض في تصفية
Show in Module Section,عرض في وحدة قسم
Show Keyboard Shortcuts,Show Keyboard Shortcuts
Show Line Breaks after Sections,Show Line Breaks after Sections
Show More Activity,عرض المزيد النشاط
Show more details,عرض المزيد التفاصيل
Show only errors,عرض فقط أخطاء
Show percentage difference according to this time interval,Show percentage difference according to this time interval
Show Percentage Stats,Show Percentage Stats
Show Permissions,عرض صلاحيات
Show Preview Popup,Show Preview Popup
Show Relapses,Show Relapses
Show Report,تقرير عرض
Show Section Headings,Show Section Headings
Show Sidebar,Show Sidebar
Show Tags,عرض وسوم
Show Title,عرض العنوان
"Show title in browser window as ""Prefix - title""","Show title in browser window as ""Prefix - title"""
Show Totals,Show Totals
Show Traceback,Show Traceback
Show Warnings,عرض تحذيرات
Show Weekends,عرض عطلات نهاية الأسبوع
Showing only first {0} rows out of {1},Showing only first {0} rows out of {1}
Showing only Numeric fields from Report,Showing only Numeric fields from Report
Sidebar and Comments,Sidebar and Comments
Sidebar Items,Sidebar Items
Sidebar Settings,Sidebar Settings
Sign Up,توقيع أعلى
Sign up,توقيع أعلى
Sign Up is disabled,توقيع أعلى هو معطّل
signal,signal
Signature,التوقيع
Signup Disabled,Signup Disabled
Signups have been disabled for this website.,Signups have been disabled for this website.
Sikkim,Sikkim
"Simple Python Expression, Example: status == 'Open' and type == 'Bug'","Simple Python Expression, Example: status == 'Open' and type == 'Bug'"
"Simple Python Expression, Example: Status in (""Closed"", ""Cancelled"")","Simple Python Expression, Example: Status in (""Closed"", ""Cancelled"")"
"Simple Python Expression, Example: Status in (""Invalid"")","Simple Python Expression, Example: Status in (""Invalid"")"
Simultaneous Sessions,Simultaneous Sessions
since last month,منذ آخر شهر
since last week,منذ آخر أسبوع
since last year,منذ آخر سنة
since yesterday,منذ أمس
Single DocTypes cannot be customized.,Single Doc Types cannot be customized.
Single Post (article).,Single Post (article).
Single Types have only one record no tables associated. Values are stored in tabSingles,Single Types have only one record no tables associated. Values are stored in tab Singles
Site URL,الموقع URL
Sites,مواقع
Size,حجم
Skip,تخطي
Skip Authorization,Skip Authorization
Skip rows with errors,تخطي صفوف مع أخطاء
Skip Step,تخطي خطوة
Skipping column {0},Skipping column {0}
Skipping Duplicate Column {0},Skipping Duplicate Column {0}
Skipping Untitled Column,Skipping Untitled Column
Skype,Skype
Slack,Slack
Slack Channel,Slack Channel
Slack Webhook Error,Slack Webhook Error
Slack Webhook URL,Slack Webhook URL
Slack Webhooks for internal integration,Slack Webhooks for internal integration
Slideshow,Slideshow
Slideshow Items,Slideshow Items
Slideshow like display for the website,Slideshow like display for the website
Slideshow Name,Slideshow Name
Small Text,Small Text
Smallest circulating fraction unit (coin). For e.g. 1 cent for USD and it should be entered as 0.01,Smallest circulating fraction unit (coin). For e.g. 1 cent for USD and it should be entered as 0.01
Smallest Currency Fraction Value,Smallest Currency Fraction Value
SMS,رسالة نصية
SMS Gateway URL,رسالة نصية بوابة URL
SMS Parameter,رسالة نصية معامل
SMS sent to following numbers: {0},SMS sent to following numbers: {0}
SMS Settings,إعدادات رسالة نصية
SMS was not sent. Please contact Administrator.,SMS كان لا مُرسل . يرجى جهة اتصال المسؤول .
SMTP Server,SMTP الخادم
SMTP Settings for outgoing emails,SMTP Settings for outgoing emails
Snapshot View,لقطة عرض
Social,اجتماعي
Social Home,اجتماعي الرئيسية
Social Link Settings,إعدادات اجتماعي رابط
Social Link Type,نوع اجتماعي رابط
Social Login Key,اجتماعي تسجيل الدخول مفتاح
Social Login Provider,اجتماعي تسجيل الدخول المزود
Social Logins,Social Logins
Socketio is not connected. Cannot upload,Socketio is not connected. Cannot upload
Soft-Bounced,Soft-Bounced
Some columns might get cut off when printing to PDF. Try to keep number of columns under 10.,Some columns might get cut off when printing to PDF. Try to keep number of columns under 10.
Some of the features might not work in your browser. Please update your browser to the latest version.,Some of the features might not work in your browser. Please update your browser to the latest version.
Something went wrong,Something went wrong
Something went wrong during the token generation. Click on {0} to generate a new one.,Something went wrong during the token generation. Click on {0} to generate a new one.
Something went wrong while generating dropbox access token. Please check error log for more details.,Something went wrong while generating dropbox access token. Please check error log for more details.
"Something went wrong while loading Desk. <b>Please relaod the page</b>. If the problem persists, contact the Administrator","Something went wrong while loading Desk. <b>Please relaod the page</b>. If the problem persists, contact the Administrator"
Something went wrong while saving customizations,Something went wrong while saving customizations
Sorry! I could not find what you were looking for.,Sorry! I could not find what you were looking for.
Sorry! Sharing with Website User is prohibited.,Sorry! Sharing with Website User is prohibited.
Sorry! User should have complete access to their own record.,Sorry! User should have complete access to their own record.
Sorry! You are not permitted to view this page.,Sorry! You are not permitted to view this page.
"Sorry, you're not authorized.","Sorry, you're not authorized."
Sort Field,ترتيب حقل
Sort field {0} must be a valid fieldname,Sort field {0} must be a valid fieldname
Sort Order,ترتيب أمر
Source,المصدر
Source Message,المصدر رسالة
Source Name,اسم المصدر
Source Text,Source Text
Spam,Spam
SparkPost,Spark Post
Special Characters are not allowed,Special Characters are not allowed
"SQL Conditions. Example: status=""Open""","SQL شروط . مثال : الحالة = "" فتح """
SSL/TLS Mode,SSL/TLS وضع
Staging,Staging
Standard,معيار
"Standard DocType cannot have default print format, use Customize Form","Standard Doc Type cannot have default print format, use Customize Form"
Standard Not Set,معيار لا تعيين
Standard Print Format cannot be updated,معيار طباعة تنسيق لا يمكن يكون حُدّث
Standard Print Style cannot be changed. Please duplicate to edit.,Standard Print Style cannot be changed. Please duplicate to edit.
Standard Reports,معيار تقارير
Standard rich text editor with controls,Standard rich text editor with controls
Standard roles cannot be disabled,معيار أدوار لا يمكن يكون معطّل
Standard roles cannot be renamed,Standard roles cannot be renamed
Standard Sidebar Menu,Standard Sidebar Menu
Standings,Standings
star,star
star-empty,star-empty
Start,بدء
Start a conversation.,Start a conversation.
Start Date,تاريخ البدء
Start Date Field,بدء التاريخ حقل
Start entering data below this line,Start entering data below this line
Start Import,بدء استيراد
Start new Format,بدء جديد تنسيق
Start Time,وقت البدء
Started,بدأ
Starting Frappe ...,Starting Frappe ...
Starts on,Starts on
StartTLS,بدء TLS
State,الحالة
State/Province,State/Province
States,States
"States for workflow (e.g. Draft, Approved, Cancelled).","States for workflow (e.g. Draft, Approved, Cancelled)."
Static Parameters,ثابت معاملات
Stats,Stats
Stats based on last month's performance (from {0} to {1}),Stats based on last month's performance (from {0} to {1})
Stats based on last week's performance (from {0} to {1}),Stats based on last week's performance (from {0} to {1})
Stats Time Interval,Stats Time Interval
Status,الحالة
Status Updated,الحالة حُدّث
Status: {0},الحالة: {0}
Step,خطوة
step-backward,خطوة إلى الخلف
step-forward,خطوة إلى الأمام
Steps,خطوات
Steps to verify your login,خطوات إلى تحقق الخاص بك تسجيل الدخول
stop,إيقاف
Stopped,متوقف
Stores the JSON of last known versions of various installed apps. It is used to show release notes.,Stores the JSON of last known versions of various installed apps. It is used to show release notes.
Straight rows of keys are easy to guess,Straight rows of keys are easy to guess
Stripe payment gateway settings,Stripe payment gateway settings
Stripe Settings,Stripe Settings
Style,نمط
"Style represents the button color: Success - Green, Danger - Red, Inverse - Black, Primary - Dark Blue, Info - Light Blue, Warning - Orange","Style represents the button color: Success - Green, Danger - Red, Inverse - Black, Primary - Dark Blue, Info - Light Blue, Warning - Orange"
Style Settings,إعدادات نمط
Stylesheet,Stylesheet
Stylesheets for Print Formats,Stylesheets for Print Formats
"Sub-currency. For e.g. ""Cent""","Sub-currency. For e.g. ""Cent"""
Sub-domain provided by erpnext.com,Sub-domain provided by erpnext.com
Subdomain,Subdomain
Subject,الموضوع
Subject Field,الموضوع حقل
"Subject Field type should be Data, Text, Long Text, Small Text, Text Editor","Subject Field type should be Data, Text, Long Text, Small Text, Text Editor"
Submit,إرسال
Submit After Import,إرسال بعد استيراد
Submit after importing,Submit after importing
Submit an Issue,إرسال an مشكلة
Submit this document to complete this step.,إرسال هذا مستند إلى مكتمل هذا خطوة.
Submit this document to confirm,إرسال هذا مستند إلى تأكيد
Submit {0} documents?,إرسال {0} مستندات?
Submitted,مُرسل
Submitted Document cannot be converted back to draft. Transition row {0},Submitted Document cannot be converted back to draft. Transition row {0}
submitted this document,مُرسل هذا مستند
submitted this document {0},مُرسل هذا مستند {0}
Submitting,Submitting
Submitting {0},Submitting {0}
Submitting...,جاري الإرسال...
Subscription Notification,الاشتراك إشعار
Subsidiary,Subsidiary
Subtitle,Subtitle
Success,نجاح
success,نجاح
Success Action,نجاح إجراء
Success Message,نجاح رسالة
Success URL,نجاح URL
Success! You are good to go 👍,Success! You are good to go 👍
Successful Transactions,ناجح معاملات
Successful: {0} to {1},ناجح: {0} إلى {1}
Successfully Done,Successfully Done
"Successfully imported {0} record out of {1}. Click on Export Errored Rows, fix the errors and import again.","Successfully imported {0} record out of {1}. Click on Export Errored Rows, fix the errors and import again."
Successfully imported {0} record.,Successfully imported {0} record.
"Successfully imported {0} records out of {1}. Click on Export Errored Rows, fix the errors and import again.","Successfully imported {0} records out of {1}. Click on Export Errored Rows, fix the errors and import again."
Successfully imported {0} records.,Successfully imported {0} records.
Successfully Submitted!,Successfully Submitted!
Successfully Updated,Successfully Updated
Successfully updated translations,Successfully updated translations
"Successfully updated {0} record out of {1}. Click on Export Errored Rows, fix the errors and import again.","Successfully updated {0} record out of {1}. Click on Export Errored Rows, fix the errors and import again."
Successfully updated {0} record.,Successfully updated {0} record.
"Successfully updated {0} records out of {1}. Click on Export Errored Rows, fix the errors and import again.","Successfully updated {0} records out of {1}. Click on Export Errored Rows, fix the errors and import again."
Successfully updated {0} records.,Successfully updated {0} records.
Suggested Username: {0},Suggested Username: {0}
Sum,مجموع
Sum of {0},مجموع من {0}
Summary,الملخص
Sunday,الأحد
Support Email Address Not Specified,Support Email Address Not Specified
Suspend Sending,Suspend Sending
Switch To Desk,Switch To Desk
Symbol,رمز
Sync,مزامنة
Sync Calendar,مزامنة التقويم
Sync Contacts,مزامنة جهات اتصال
Sync on Migrate,مزامنة في ترحيل
"Sync token was invalid and has been resetted, Retry syncing.","Sync token was invalid and has been resetted, Retry syncing."
Sync with Google Calendar,Sync with Google Calendar
Sync with Google Contacts,Sync with Google Contacts
Synced,متزامن
Syncing,Syncing
Syncing {0} of {1},Syncing {0} of {1}
Syntax error in template,Syntax error in template
System,النظام
System and Website Users,System and Website Users
System Console,System Console
System Manager,مدير النظام
System managers are allowed by default,System managers are allowed by default
System Notification,النظام إشعار
System Page,النظام صفحة
System Settings,إعدادات النظام
System User,النظام مستخدم
System will automatically delete Prepared Reports after these many days since creation,System will automatically delete Prepared Reports after these many days since creation
Table,جدول
Table Break,Table Break
Table Field,جدول حقل
Table HTML,جدول HTML
Table MultiSelect,Table Multi Select
Table updated,جدول حُدّث
Table {0} cannot be empty,جدول {0} لا يمكن يكون فارغ
Tag,وسم
tag,وسم
Tag Link,وسم رابط
"tag name..., e.g. #tag","وسم الاسم . . . , e . g . # وسم"
Tags,وسوم
tags,وسوم
Take Backup,أخذ النسخ الاحتياطي
Take Backup Now,أخذ النسخ الاحتياطي الآن
Take Photo,Take Photo
Tamil Nadu,Tamil Nadu
Target,هدف
Task,مهمة
tasks,مهام
Tax Category,ضريبة الفئة
Team Members,فريق أعضاء
Team Members Heading,Team Members Heading
Telangana,Telangana
Template,قالب
Template Error,قالب خطأ
Template Options,قالب خيارات
Template Warnings,قالب تحذيرات
Temporarily Disabled,Temporarily Disabled
Test,فحص
Test Email Address,فحص البريد الإلكتروني العنوان
Test email sent to {0},فحص البريد الإلكتروني مُرسل إلى {0}
Test Runner,Test Runner
Test_Folder,فحص مجلد
Testing,Testing
Text,Text
Text Align,Text Align
Text Color,Text Color
Text Content,Text Content
Text Editor,Text Editor
text in document type,text in document type
Text to be displayed for Link to Web Page if this form has a web page. Link route will be automatically generated based on `page_name` and `parent_website_route`,Text to be displayed for Link to Web Page if this form has a web page. Link route will be automatically generated based on `page_name` and `parent_website_route`
text-height,text-height
text-width,text-width
th-large,th-large
th-list,th قائمة
Thank you,Thank you
Thank you for your email,Thank you for your email
Thank you for your feedback!,Thank you for your feedback!
Thank you for your interest in subscribing to our updates,Thank you for your interest in subscribing to our updates
Thank you for your message,Thank you for your message
"The application has been updated to a new version, please refresh this page","The application has been updated to a new version, please refresh this page"
The attachments could not be correctly linked to the new document,The attachments could not be correctly linked to the new document
The Auto Repeat for this document has been disabled.,The Auto Repeat for this document has been disabled.
The column {0} has {1} different date formats. Automatically setting {2} as the default format as it is the most common. Please change other values in this column to this format.,The column {0} has {1} different date formats. Automatically setting {2} as the default format as it is the most common. Please change other values in this column to this format.
The comment cannot be empty,The comment cannot be empty
The Condition '{0}' is invalid,The Condition '{0}' is invalid
The CSV format is case sensitive,The CSV format is case sensitive
The document could not be correctly assigned,The document could not be correctly assigned
The document has been assigned to {0},The document has been assigned to {0}
The first user will become the System Manager (you can change this later).,The first user will become the System Manager (you can change this later).
The First User: You,The First User: You
The following records needs to be created before we can import your file.,The following records needs to be created before we can import your file.
The Link specified has either been used before or Invalid,The Link specified has either been used before or Invalid
The mapping configuration between two doctypes.,The mapping configuration between two doctypes.
"The meta description is an HTML attribute that provides a brief summary of a web page. Search engines such as Google often display the meta description in search results, which can influence click-through rates.","The meta description is an HTML attribute that provides a brief summary of a web page. Search engines such as Google often display the meta description in search results, which can influence click-through rates."
"The meta image is unique image representing the content of the page. Images for this Card should be at least 280px in width, and at least 150px in height.","The meta image is unique image representing the content of the page. Images for this Card should be at least 280px in width, and at least 150px in height."
The name that will appear in Google Calendar,The name that will appear in Google Calendar
The page you are looking for is missing. This could be because it is moved or there is a typo in the link.,The page you are looking for is missing. This could be because it is moved or there is a typo in the link.
The password of your account has expired.,The password of your account has expired.
The process for deletion of {0} data associated with {1} has been initiated.,The process for deletion of {0} data associated with {1} has been initiated.
The resource you are looking for is not available,The resource you are looking for is not available
The site which is consuming your events.,The site which is consuming your events.
The site you want to subscribe to for consuming events.,The site you want to subscribe to for consuming events.
The system provides many pre-defined roles. You can add new roles to set finer permissions.,The system provides many pre-defined roles. You can add new roles to set finer permissions.
The user from this field will be rewarded points,The user from this field will be rewarded points
The webhook will be triggered if this expression is true,The webhook will be triggered if this expression is true
The {0} is already on auto repeat {1},The {0} is already on auto repeat {1}
Theme,سمة
Theme Configuration,سمة إعداد
Theme URL,سمة URL
There are documents which have workflow states that do not exist in this Workflow. It is recommended that you add these states to the Workflow and change their states before removing these states.,There are documents which have workflow states that do not exist in this Workflow. It is recommended that you add these states to the Workflow and change their states before removing these states.
There are some linked records which needs to be created before we can import your file. Do you want to create the following missing records automatically?,There are some linked records which needs to be created before we can import your file. Do you want to create the following missing records automatically?
There are {0} with the same filters already in the queue:,There are {0} with the same filters already in the queue:
There can be only one Fold in a form,There can be only one Fold in a form
There is an error in your Address Template {0},هناك هو an خطأ في الخاص بك العنوان قالب {0}
There is no data to be exported,هناك هو لا بيانات إلى يكون مُصدَّر
There is some problem with the file url: {0},There is some problem with the file url: {0}
There is {0} with the same filters already in the queue:,There is {0} with the same filters already in the queue:
There must be atleast one permission rule.,There must be atleast one permission rule.
"There seems to be an issue with the server's braintree configuration. Don't worry, in case of failure, the amount will get refunded to your account.","There seems to be an issue with the server's braintree configuration. Don't worry, in case of failure, the amount will get refunded to your account."
There should be atleast one row for the following tables: {0},There should be atleast one row for the following tables: {0}
There should be atleast one row for {0} table,There should be atleast one row for {0} table
There should remain at least one System Manager,There should remain at least one System Manager
There was an error building this page,هناك كان an خطأ مبنى هذا صفحة
There was an error saving filters,There was an error saving filters
There were errors,هناك كانوا أخطاء
There were errors while creating the document. Please try again.,There were errors while creating the document. Please try again.
There were errors while sending email. Please try again.,There were errors while sending email. Please try again.
"There were some errors setting the name, please contact the administrator","There were some errors setting the name, please contact the administrator"
These values will be automatically updated in transactions and also will be useful to restrict permissions for this user on transactions containing these values.,These values will be automatically updated in transactions and also will be useful to restrict permissions for this user on transactions containing these values.
Third Party Apps,Third Party Apps
Third Party Authentication,Third Party Authentication
This action is only allowed for {},This action is only allowed for {}
This cannot be undone,This cannot be undone
This card will be available to all Users if this is set,هذا بطاقة سوف يكون متاح إلى كل مستخدمون إذا هذا هو تعيين
This chart will be available to all Users if this is set,هذا مخطط سوف يكون متاح إلى كل مستخدمون إذا هذا هو تعيين
This Currency is disabled. Enable to use in transactions,هذا العملة هو معطّل. تفعيل إلى استخدام في معاملات
This document cannot be reverted,This document cannot be reverted
This document has been modified after the email was sent.,This document has been modified after the email was sent.
This document has been reverted,This document has been reverted
"This document is already amended, you cannot ammend it again","This document is already amended, you cannot ammend it again"
This document is currently queued for execution. Please try again,This document is currently queued for execution. Please try again
This email is autogenerated,This email is autogenerated
This email was sent to {0},هذا البريد الإلكتروني كان مُرسل إلى {0}
This email was sent to {0} and copied to {1},هذا البريد الإلكتروني كان مُرسل إلى {0} و نُسخ إلى {1}
This feature is brand new and still experimental,This feature is brand new and still experimental
This field will appear only if the fieldname defined here has value OR the rules are true (examples):\nmyfield\neval:doc.myfield=='My Value'\neval:doc.age&gt;18,This field will appear only if the fieldname defined here has value OR the rules are true (examples):\nmyfield\neval:doc.myfield=='My Value'\neval:doc.age&gt;18
This form does not have any input,هذا نموذج يفعل لا لديه أي مدخلات
This form has been modified after you have loaded it,This form has been modified after you have loaded it
This format is used if country specific format is not found,This format is used if country specific format is not found
This goes above the slideshow.,This goes above the slideshow.
This is a background report. Please set the appropriate filters and then generate a new one.,This is a background report. Please set the appropriate filters and then generate a new one.
This is a top-10 common password.,This is a top-10 common password.
This is a top-100 common password.,This is a top-100 common password.
This is a very common password.,This is a very common password.
This is an automatically generated reply,This is an automatically generated reply
This is an example Google SERP Preview.,This is an example Google SERP Preview.
This is similar to a commonly used password.,This is similar to a commonly used password.
This is the number of the last created transaction with this prefix,This is the number of the last created transaction with this prefix
This is the template file generated with only the rows having some error. You should use this file for correction and import.,This is the template file generated with only the rows having some error. You should use this file for correction and import.
This Kanban Board will be private,This Kanban Board will be private
This link has already been activated for verification.,This link has already been activated for verification.
This link is invalid or expired. Please make sure you have pasted correctly.,This link is invalid or expired. Please make sure you have pasted correctly.
This may get printed on multiple pages,This may get printed on multiple pages
This Month,هذا الشهر
This month,هذا شهر
This Quarter,هذا ربع
This query style is discontinued,This query style is discontinued
This report was generated on {0},هذا تقرير كان مُنشأ في {0}
This report was generated {0}.,هذا تقرير كان مُنشأ {0}.
This request has not yet been approved by the user.,This request has not yet been approved by the user.
This role update User Permissions for a user,هذا دور تحديث مستخدم صلاحيات لـ a مستخدم
This title will be used as the title of the webpage as well as in meta tags,This title will be used as the title of the webpage as well as in meta tags
This Week,هذا الأسبوع
"This will be automatically generated when you publish the page, you can also enter a route yourself if you wish","This will be automatically generated when you publish the page, you can also enter a route yourself if you wish"
This will be shown in a modal after routing,This will be shown in a modal after routing
This will be shown to the user in a dialog after routing to the report,This will be shown to the user in a dialog after routing to the report
This will log out {0} from all other devices,This will log out {0} from all other devices
This will permanently remove your data.,This will permanently remove your data.
This Year,هذا السنة
Throttled,Throttled
Thumbnail URL,Thumbnail URL
thumbs-down,thumbs-down
thumbs-up,thumbs-up
Thursday,الخميس
Time,الوقت
time,الوقت
Time Format,الوقت تنسيق
Time format,الوقت تنسيق
Time in seconds to retain QR code image on server. Min:<strong>240</strong>,Time in seconds to retain QR code image on server. Min:<strong>240</strong>
Time Interval,الوقت فترة
Time Series,الوقت سلسلة
Time Series Based On,Time Series Based On
Time series based on is required to create a dashboard chart,Time series based on is required to create a dashboard chart
Time Zone,الوقت منطقة
Time Zones,Time Zones
Time {0} must be in format: {1},الوقت {0} يجب يكون في تنسيق: {1}
Timeline DocType,Timeline Doc Type
Timeline Field,الخط الزمني حقل
Timeline field must be a Link or Dynamic Link,الخط الزمني حقل يجب يكون a رابط أو ديناميكي رابط
Timeline field must be a valid fieldname,Timeline field must be a valid fieldname
Timeline Links,الخط الزمني روابط
Timeline Name,اسم الخط الزمني
Timeseries,Timeseries
Timespan,Timespan
Timestamp,طابع زمني
tint,tint
Title,العنوان
Title Case,العنوان قضية
Title Field,العنوان حقل
Title field must be a valid fieldname,Title field must be a valid fieldname
Title of the page,Title of the page
Title Prefix,العنوان بادئة
"To add dynamic subject, use jinja tags like\n\n<div><pre><code>New {{ doc.doctype }} #{{ doc.name }}</code></pre></div>","To add dynamic subject, use jinja tags like\n\n<div><pre><code>New {{ doc.doctype }} #{{ doc.name }}</code></pre></div>"
"To add dynamic subject, use jinja tags like\n\n<div><pre><code>{{ doc.name }} Delivered</code></pre></div>","To add dynamic subject, use jinja tags like\n\n<div><pre><code>{{ doc.name }} Delivered</code></pre></div>"
To and CC,إلى و CC
"To configure Auto Repeat, enable ""Allow Auto Repeat"" from {0}.","To configure Auto Repeat, enable ""Allow Auto Repeat"" from {0}."
To Date,تاريخ إلى
To Date Field,إلى التاريخ حقل
To enable it follow the instructions in the following link: {0},To enable it follow the instructions in the following link: {0}
"To get the updated report, click on {0}.","To get the updated report, click on {0}."
To print output use <code>log(text)</code>,To print output use <code>log(text)</code>
"To use Google Calendar, enable {0}.","To use Google Calendar, enable {0}."
"To use Google Contacts, enable {0}.","To use Google Contacts, enable {0}."
"To use Google Drive, enable {0}.","To use Google Drive, enable {0}."
"To use Google Indexing, enable <a href=""#Form/Google Settings"">Google Settings</a>.","To use Google Indexing, enable <a href=""#Form/Google Settings"">Google Settings</a>."
"To use Slack Channel, add a <a href=""#List/Slack%20Webhook%20URL/List"">Slack Webhook URL</a>.","To use Slack Channel, add a <a href=""#List/Slack%20 Webhook%20 URL/List"">Slack Webhook URL</a>."
"To use WhatsApp for Business, initialize <a href=""#Form/Twilio Settings"">Twilio Settings</a>.","To use Whats App for Business, initialize <a href=""#Form/Twilio Settings"">Twilio Settings</a>."
To User,إلى مستخدم
to your browser,to your browser
Today,اليوم
Today's Events,اليوم ' s أحداث
ToDo,إلى يفعل
Toggle Chart,Toggle Chart
Toggle Charts,Toggle Charts
Toggle Grid View,Toggle Grid View
Toggle Public/Private,Toggle Public/Private
Toggle Sidebar,إظهار/إخفاء الشريط الجانبي
toggle Tag,toggle Tag
Token,رمز
Token is missing,رمز هو مفقود
Too Many Requests,أيضًا كثير طلبات
"Too many users signed up recently, so the registration is disabled. Please try back in an hour","Too many users signed up recently, so the registration is disabled. Please try back in an hour"
Too many writes in one request. Please send smaller requests,Too many writes in one request. Please send smaller requests
Top,أعلى
Top Bar Item,Top Bar Item
Top Bar Items,Top Bar Items
Top Performer,أعلى المنفّذ
Top Reviewer,أعلى مراجع
Top {0},أعلى {0}
Topic,موضوع
Total,الإجمالي
Total number of emails to sync in initial sync process,Total number of emails to sync in initial sync process
Total Pages,الإجمالي صفحات
Total Rows,الإجمالي صفوف
Total Subscribers,Total Subscribers
Totals,Totals
Totals Row,Totals Row
Traceback,Traceback
Track Changes,مسار التغييرات
Track Email Status,حالة مسار البريد الإلكتروني
Track Field,مسار حقل
"Track if your email has been opened by the recipient.\n<br>\nNote: If you're sending to multiple recipients, even if 1 recipient reads the email, it'll be considered ""Opened""","Track if your email has been opened by the recipient.\n<br>\n Note: If you're sending to multiple recipients, even if 1 recipient reads the email, it'll be considered ""Opened"""
Track milestones for any document,Track milestones for any document
Track Seen,Track Seen
Track Views,Track Views
Tracks milestones on the lifecycle of a document if it undergoes multiple stages.,Tracks milestones on the lifecycle of a document if it undergoes multiple stages.
Transaction Hash,معاملة تجزئة
Transaction Log,سجل معاملة
Transaction Log Report,تقرير سجل معاملة
Transgender,Transgender
Transition Rules,Transition Rules
Transitions,Transitions
Translatable,Translatable
Translate {0},Translate {0}
Translated Message,Translated Message
Translated Text,Translated Text
Translation,Translation
Translation Tool,Translation Tool
Translations,Translations
Trash,Trash
trash,trash
Tree,شجرة
Tree structures are implemented using Nested Set,Tree structures are implemented using Nested Set
Tree view is not available for {0},شجرة عرض هو لا متاح لـ {0}
Trigger Method,المُحفّز طريقة
Trigger Name,اسم المُحفّز
"Trigger on valid methods like ""before_insert"", ""after_update"", etc (will depend on the DocType selected)","Trigger on valid methods like ""before_insert"", ""after_update"", etc (will depend on the Doc Type selected)"
Trigger Primary Action,المُحفّز أساسي إجراء
Tripura,Tripura
Try to avoid repeated words and characters,Try to avoid repeated words and characters
Try to use a longer keyboard pattern with more turns,Try to use a longer keyboard pattern with more turns
Tuesday,الثلاثاء
Twilio Number,Twilio Number
Twilio Number Group,Twilio Number Group
Twilio Settings,Twilio Settings
Twilio WhatsApp Message Error,Twilio Whats App Message Error
twitter,twitter
Two Factor Authentication,Two Factor Authentication
Two Factor Authentication method,Two Factor Authentication method
Type,النوع
Type something in the search box to search,Type something in the search box to search
Type:,النوع:
UID,UID
UIDNEXT,UIDNEXT
UIDVALIDITY,UIDVALIDITY
Unable to find attachment {0},تعذّر اعثر مرفق {0}
Unable to find DocType {0},Unable to find Doc Type {0}
Unable to load camera.,Unable to load camera.
Unable to load: {0},تعذّر تحميل: {0}
Unable to open attached file. Did you export it as CSV?,Unable to open attached file. Did you export it as CSV?
Unable to read file format for {0},تعذّر قراءة ملف تنسيق لـ {0}
Unable to send emails at this time,Unable to send emails at this time
Unable to update event,تعذّر تحديث حدث
Unable to write file format for {0},تعذّر كتابة ملف تنسيق لـ {0}
Unassign Condition,إلغاء التعيين شرط
Uncaught Server Exception,Uncaught Server Exception
Unchanged,Unchanged
Under Development,تحت تطوير
Unfollow,Unfollow
Unhandled Email,Unhandled Email
Unique,Unique
Unknown Column: {0},غير معروف عمود : { 0 }
"Unknown file encoding. Tried utf-8, windows-1250, windows-1252.","Unknown file encoding. Tried utf-8, windows-1250, windows-1252."
Unknown User,غير معروف مستخدم
Unknown View,غير معروف عرض
Unpin,Unpin
Unread,Unread
Unread Notification Sent,Unread Notification Sent
UNSEEN,UNSEEN
Unselect All,Unselect All
Unshared,Unshared
Unsubscribe,Unsubscribe
Unsubscribe Method,Unsubscribe Method
Unsubscribe Param,Unsubscribe Param
Unsubscribed,Unsubscribed
Unsupported File Format,Unsupported File Format
Untitled Column,Untitled Column
Untranslated,Untranslated
Unzip,Unzip
Unzipped {0} files,Unzipped {0} files
Unzipping files...,Unzipping files...
Upcoming Events,Upcoming Events
Upcoming Events for Today,Upcoming Events for Today
Update,تحديث
Update Details,تفاصيل تحديث
Update Existing Records,Update Existing Records
Update Field,تحديث حقل
Update many values at one time.,Update many values at one time.
Update records,تحديث سجلات
Update Series Number,تحديث سلسلة الرقم
Update Settings,إعدادات تحديث
Update Translations,Update Translations
Update Value,تحديث القيمة
Updated,حُدّث
Updated Successfully,Updated Successfully
Updated successfully,Updated successfully
Updated To A New Version 🎉,حُدّث إلى A جديد إصدار 🎉
updated to {0},حُدّث إلى {0}
Updated {0}: {1},حُدّث {0}: {1}
Updating,Updating
Updating {0},Updating {0}
"Updating {0} of {1}, {2}","Updating {0} of {1}, {2}"
Upload,رفع
upload,رفع
Upload Failed,رفع فشل
Upload failed,رفع فشل
Upload file,رفع ملف
Upload {0} files,رفع {0} ملفات
uploaded file,رُفع ملف
Uploaded successfully,Uploaded successfully
Uploaded To Dropbox,Uploaded To Dropbox
Uploaded To Google Drive,Uploaded To Google Drive
Uploading {0} of {1},Uploading {0} of {1}
UPPER CASE,UPPER CASE
"URIs for receiving authorization code once the user allows access, as well as failure responses. Typically a REST endpoint exposed by the Client App.\n<br>e.g. http://hostname//api/method/frappe.www.login.login_via_facebook","URIs for receiving authorization code once the user allows access, as well as failure responses. Typically a REST endpoint exposed by the Client App.\n<br>e.g. http://hostname//api/method/frappe.www.login.login_via_facebook"
URL,URL
URL for documentation or help,URL لـ توثيق أو مساعدة
URL must start with 'http://' or 'https://',URL must start with 'http://' or 'https://'
URL of the page,URL of the page
URL to go to on clicking the slideshow image,URL to go to on clicking the slideshow image
URLs,URLs
us-east-1,us-east-1
us-east-2,us-east-2
us-west-1,us-west-1
us-west-2,us-west-2
Usage Info,الاستخدام معلومات
use % as wildcard,use % as wildcard
Use % for any non empty value.,الاستخدام % لـ أي غير فارغ القيمة.
"Use a few words, avoid common phrases.","Use a few words, avoid common phrases."
Use ASCII encoding for password,Use ASCII encoding for password
Use Different Email Login ID,Use Different Email Login ID
Use IMAP,الاستخدام IMAP
Use of sub-query or function is restricted,Use of sub-query or function is restricted
Use POST,الاستخدام منشور
Use Report Chart,الاستخدام تقرير الملف الطبي
Use Same Name,اسم الاستخدام نفس
Use socketio to upload file,Use socketio to upload file
Use SSL,الاستخدام SSL
Use SSL for Outgoing,Use SSL for Outgoing
Use this fieldname to generate title,Use this fieldname to generate title
Use TLS,الاستخدام TLS
Used For Google Maps Integration.,Used For Google Maps Integration.
User,مستخدم
user,مستخدم
User '{0}' already has the role '{1}',User '{0}' already has the role '{1}'
User Agent,مستخدم وكيل
User can login using Email id or Mobile number,مستخدم يمكن تسجيل الدخول باستخدام البريد الإلكتروني id أو الجوال الرقم
User can login using Email id or User Name,اسم مستخدم يمكن تسجيل الدخول باستخدام البريد الإلكتروني id أو مستخدم
User Cannot Create,مستخدم لا يمكن أنشئ
User Cannot Search,مستخدم لا يمكن بحث
User Defaults,User Defaults
User does not exist,مستخدم غير موجود
User editable form on Website.,User editable form on Website.
User Email,مستخدم البريد الإلكتروني
User Emails,User Emails
User Field,مستخدم حقل
User ID,مستخدم المعرّف
User Id,مستخدم Id
User ID of a Blogger,User ID of a Blogger
User ID Property,مستخدم المعرّف عقار
User Image,مستخدم صورة
User is mandatory for Share,User is mandatory for Share
User must always select,User must always select
User Name,اسم مستخدم
User not allowed to delete {0}: {1},User not allowed to delete {0}: {1}
User Permission,مستخدم صلاحية
User permission already exists,مستخدم صلاحية موجود بالفعل
User Permissions,صلاحيات المستخدم
User Permissions are used to limit users to specific records.,User Permissions are used to limit users to specific records.
User Permissions created sucessfully,User Permissions created sucessfully
User permissions should not apply for this Link,مستخدم صلاحيات يجب لا تطبيق لـ هذا رابط
User Profile,مستخدم الملف الشخصي
User Roles,مستخدم أدوار
User Settings,إعدادات مستخدم
User Social Login,مستخدم اجتماعي تسجيل الدخول
User Tags,مستخدم وسوم
User Type,نوع مستخدم
User {0} cannot be deleted,مستخدم {0} لا يمكن يكون حُذف
User {0} cannot be disabled,مستخدم {0} لا يمكن يكون معطّل
User {0} cannot be renamed,User {0} cannot be renamed
User {0} does not have access to this document,مستخدم {0} يفعل لا لديه وصول إلى هذا مستند
User {0} does not have doctype access via role permission for document {1},User {0} does not have doctype access via role permission for document {1}
User {0} has requested for data deletion,User {0} has requested for data deletion
User {0} is disabled,مستخدم {0} هو معطّل
User {0} not found on the producer site,User {0} not found on the producer site
Username,اسم المستخدم
Username {0} already exists,اسم المستخدم {0} موجود بالفعل
Users,مستخدمون
Users and Permissions,مستخدمون و صلاحيات
Users assigned to the reference document will get points.,Users assigned to the reference document will get points.
Users To Notify,Users To Notify
Users with role {0}:,مستخدمون مع دور {0}:
Uses the Email Address mentioned in this Account as the Sender for all emails sent using this Account.,Uses the Email Address mentioned in this Account as the Sender for all emails sent using this Account.
Uses the Email Address Name mentioned in this Account as the Sender's Name for all emails sent using this Account.,Uses the Email Address Name mentioned in this Account as the Sender's Name for all emails sent using this Account.
Using this console may allow attackers to impersonate you and steal your information. Do not enter or paste code that you do not understand.,Using this console may allow attackers to impersonate you and steal your information. Do not enter or paste code that you do not understand.
Uttar Pradesh,Uttar Pradesh
Uttarakhand,Uttarakhand
Valid,صالح
Valid email and name required,صالح البريد الإلكتروني و الاسم مطلوب
Valid Login id required.,صالح تسجيل الدخول id مطلوب.
Validate Field,تحقق حقل
Validation Error,التحقق خطأ
Validity,Validity
Value,القيمة
value,القيمة
Value Based On,Value Based On
Value cannot be changed for {0},Value cannot be changed for {0}
Value cannot be negative for,Value cannot be negative for
Value cannot be negative for {0}: {1},Value cannot be negative for {0}: {1}
Value Change,Value Change
Value Changed,Value Changed
Value for a check field can be either 0 or 1,Value for a check field can be either 0 or 1
Value for field {0} is too long in {1}. Length should be lesser than {2} characters,Value for field {0} is too long in {1}. Length should be lesser than {2} characters
Value for {0} cannot be a list,القيمة لـ {0} لا يمكن يكون a قائمة
Value from this field will be set as the due date in the ToDo,Value from this field will be set as the due date in the To Do
Value missing for,القيمة مفقود لـ
Value must be one of {0},Value must be one of {0}
Value To Be Set,القيمة إلى يكون تعيين
Value to Validate,القيمة إلى تحقق
Value too big,Value too big
Value {0} missing for {1},القيمة {0} مفقود لـ {1}
Value {0} must be in the valid duration format: d h m s,Value {0} must be in the valid duration format: d h m s
Value {0} must in {1} format,القيمة {0} يجب في {1} تنسيق
Values Changed,Values Changed
values separated by commas,values separated by commas
Verdana,Verdana
Verfication Code,Verfication Code
Verification,Verification
Verification Code,Verification Code
Verification code email not sent. Please contact Administrator.,Verification code email not sent. Please contact Administrator.
Verification code has been sent to your registered email address.,Verification code has been sent to your registered email address.
Verification Link,Verification Link
Verified,مُحقَّق
Verifier,Verifier
Verify,تحقق
Verify Password,تحقق كلمة المرور
Verifying...,Verifying...
Version,إصدار
Version Updated,إصدار حُدّث
via Assignment Rule,via Assignment Rule
via automatic rule {0} on {1},via automatic rule {0} on {1}
via Data Import,via Data Import
via Notification,via Notification
via {0},via {0}
Video URL,Video URL
View All,عرض الكل
View Comment,عرض تعليق
View document,عرض مستند
View Full Log,سجل عرض كامل
View List,قائمة عرض
View Log,سجل عرض
"View Log of all print, download and export events","سجل عرض من كل طباعة, تحميل و تصدير أحداث"
View Permitted Documents,View Permitted Documents
View Properties (via Customize Form),View Properties (via Customize Form)
View Ref,View Ref
View Report,تقرير عرض
View report in your browser,View report in your browser
View Settings,إعدادات عرض
View this in your browser,View this in your browser
View Website,عرض الموقع
View {0},عرض {0}
viewed,viewed
Viewed By,Viewed By
Visit,زيارة
Visit Web Page,Visit Web Page
Visitor,Visitor
volume-down,volume-down
volume-off,volume-off
volume-up,volume-up
Warehouse,المستودع
Warning,تحذير
warning-sign,تحذير توقيع
Warning: Unable to find {0} in any table related to {1},Warning: Unable to find {0} in any table related to {1}
Was this article helpful?,Was this article helpful?
Watch Video,Watch Video
We have received a request for deletion of {0} data associated with: {1},We have received a request for deletion of {0} data associated with: {1}
We have received a request from you to download your {0} data associated with: {1},We have received a request from you to download your {0} data associated with: {1}
Web Form,Web Form
Web Form Field,Web Form Field
Web Form Fields,Web Form Fields
Web Link,Web Link
web link,web link
Web Page,Web Page
Web Page Block,Web Page Block
Web Page Link Text,Web Page Link Text
Web Page View,Web Page View
Web Site,Web Site
Web Template,Web Template
Web Template Field,Web Template Field
Web Template Values,Web Template Values
Web View,Web View
Webhook,Webhook
Webhook Data,Webhook Data
Webhook Header,Webhook Header
Webhook Headers,Webhook Headers
Webhook Request,Webhook Request
Webhook Secret,Webhook Secret
Webhook Security,Webhook Security
Webhook Trigger,Webhook Trigger
Webhook URL,Webhook URL
Webhooks calling API requests into web apps,Webhooks calling API requests into web apps
Website,Website
Website Analytics,Website Analytics
Website Manager,Website Manager
Website Meta Tag,Website Meta Tag
Website Route Meta,Website Route Meta
Website Route Redirect,Website Route Redirect
Website Script,Website Script
Website Settings,Website Settings
Website Sidebar,Website Sidebar
Website Sidebar Item,Website Sidebar Item
Website Slideshow,Website Slideshow
Website Slideshow Item,Website Slideshow Item
Website Theme,Website Theme
Website Theme Ignore App,Website Theme Ignore App
Website Theme Image,Website Theme Image
Website Theme Image Link,Website Theme Image Link
Website User,Website User
Wednesday,الأربعاء
Week,أسبوع
Weekdays,أيام العمل
Weekly,أسبوعي
Weekly Long,Weekly Long
Welcome email sent,Welcome email sent
Welcome Email Template,Welcome Email Template
Welcome Message,Welcome Message
Welcome to {0},Welcome to {0}
West Bengal,West Bengal
"When enabled this will allow guests to upload files to your application, You can enable this if you wish to collect files from user without having them to log in, for example in job applications web form.","When enabled this will allow guests to upload files to your application, You can enable this if you wish to collect files from user without having them to log in, for example in job applications web form."
"When you Amend a document after Cancel and save it, it will get a new number that is a version of the old number.","When you Amend a document after Cancel and save it, it will get a new number that is a version of the old number."
Which view of the associated DocType should this shortcut take you to?,Which view of the associated Doc Type should this shortcut take you to?
Width,عرض
Widths can be set in px or %.,Widths can be set in px or %.
Wildcard Filter,Wildcard Filter
"Will add ""%"" before and after the query","Will add ""%"" before and after the query"
Will be used in url (usually first name).,Will be used in url (usually first name).
Will be your login ID,سوف يكون الخاص بك تسجيل الدخول المعرّف
Will only be shown if section headings are enabled,Will only be shown if section headings are enabled
Will run scheduled jobs only once a day for inactive sites. Default 4 days if set to 0.,سوف تشغيل مجدول مهام فقط مرة a يوم لـ غير نشط مواقع. افتراضي 4 أيام إذا تعيين إلى 0.
With Letter head,With Letter head
With Letterhead,With Letterhead
Worflow States Don't Exist,Worflow States Don't Exist
Workflow,سير عمل
Workflow Action,سير عمل إجراء
Workflow Action is not created for optional states,Workflow Action is not created for optional states
Workflow Action Master,سير عمل إجراء رئيسي
Workflow Action Name,اسم سير عمل إجراء
Workflow Document State,سير عمل مستند الحالة
Workflow Name,اسم سير عمل
Workflow State,حالة سير العمل
Workflow State Field,سير عمل الحالة حقل
Workflow State not set,سير عمل الحالة لا تعيين
Workflow state represents the current state of a document.,Workflow state represents the current state of a document.
Workflow State transition not allowed from {0} to {1},Workflow State transition not allowed from {0} to {1}
Workflow Status,حالة سير عمل
Workflow Transition,Workflow Transition
workspace,مساحة عمل
wrench,wrench
Write,كتابة
Wrong Fetch From value,Wrong Fetch From value
Wrong fieldname <b>{0}</b> in add_fetch configuration of custom script,Wrong fieldname <b>{0}</b> in add_fetch configuration of custom script
X Axis Field,X Axis Field
X Field,X حقل
XLSX,XLSX
Y Axis,Y Axis
Y Axis Fields,Y Axis Fields
Y Field,Y حقل
Yahoo Mail,Yahoo Mail
Yandex.Mail,Yandex.Mail
Year,السنة
Yearly,Yearly
yellow,yellow
Yes,نعم
Yesterday,أمس
yesterday,أمس
You,أنت
You are connected to internet.,You are connected to internet.
You are not allowed to access this {0} record because it is linked to {1} '{2}' in field {3},You are not allowed to access this {0} record because it is linked to {1} '{2}' in field {3}
"You are not allowed to access {0} because it is linked to {1} '{2}' in row {3}, field {4}","You are not allowed to access {0} because it is linked to {1} '{2}' in row {3}, field {4}"
You are not allowed to create columns,You are not allowed to create columns
You are not allowed to delete a standard Website Theme,You are not allowed to delete a standard Website Theme
You are not allowed to delete Standard Report,You are not allowed to delete Standard Report
You are not allowed to export {} doctype,You are not allowed to export {} doctype
You are not allowed to print this document,You are not allowed to print this document
You are not allowed to print this report,You are not allowed to print this report
You are not allowed to send emails related to this document,You are not allowed to send emails related to this document
You are not allowed to update this Web Form Document,You are not allowed to update this Web Form Document
You are not connected to Internet. Retry after sometime.,You are not connected to Internet. Retry after sometime.
You are not permitted to access this page.,You are not permitted to access this page.
You are not permitted to view the newsletter.,You are not permitted to view the newsletter.
You are now following this document. You will receive daily updates via email. You can change this in User Settings.,You are now following this document. You will receive daily updates via email. You can change this in User Settings.
You can add dynamic properties from the document by using Jinja templating.,You can add dynamic properties from the document by using Jinja templating.
You can also copy-paste this,أنت يمكن أيضًا نسخة لصق هذا
You can also copy-paste this {0} to your browser,You can also copy-paste this {0} to your browser
"You can change Submitted documents by cancelling them and then, amending them.","You can change Submitted documents by cancelling them and then, amending them."
You can find things by asking 'find orange in customers',You can find things by asking 'find orange in customers'
"You can only upload JPG, PNG, PDF, or Microsoft documents.","You can only upload JPG, PNG, PDF, or Microsoft documents."
You can only upload upto 5000 records in one go. (may be less in some cases),You can only upload upto 5000 records in one go. (may be less in some cases)
"You can select one from the following,","You can select one from the following,"
You can try changing the filters of your report.,You can try changing the filters of your report.
You can use Customize Form to set levels on fields.,أنت يمكن استخدام تخصيص نموذج إلى تعيين مستويات في حقول.
You can use wildcard %,You can use wildcard %
You can't set 'Options' for field {0},أنت لا يمكن تعيين 'خيارات' لـ حقل {0}
You can't set 'Translatable' for field {0},You can't set 'Translatable' for field {0}
You cannot create a dashboard chart from single DocTypes,You cannot create a dashboard chart from single Doc Types
You cannot give review points to yourself,You cannot give review points to yourself
You cannot unset 'Read Only' for field {0},You cannot unset 'Read Only' for field {0}
You do not have enough permissions to access this resource. Please contact your manager to get access.,You do not have enough permissions to access this resource. Please contact your manager to get access.
You do not have enough permissions to complete the action,You do not have enough permissions to complete the action
You do not have enough points,You do not have enough points
You do not have enough review points,You do not have enough review points
You do not have permissions to cancel all linked documents.,أنت يفعل لا لديه صلاحيات إلى إلغاء كل مرتبط مستندات.
You don't have access to Report: {0},You don't have access to Report: {0}
You don't have any messages yet.,You don't have any messages yet.
You don't have permission to access this file,You don't have permission to access this file
You don't have permission to get a report on: {0},You don't have permission to get a report on: {0}
You don't have the permissions to access this document,You don't have the permissions to access this document
You gained {0} point,You gained {0} point
You gained {0} points,You gained {0} points
You have a new message from:,أنت لديه a جديد رسالة من:
You have been successfully logged out,You have been successfully logged out
You have reached the hourly limit for generating password reset links. Please try again later.,You have reached the hourly limit for generating password reset links. Please try again later.
You have unsaved changes in this form. Please save before you continue.,You have unsaved changes in this form. Please save before you continue.
You have unseen {0},You have unseen {0}
You haven't added any Dashboard Charts or Number Cards yet.,You haven't added any Dashboard Charts or Number Cards yet.
You may continue with onboarding,أنت قد متابعة مع انضمام
You must login to submit this form,أنت يجب تسجيل الدخول إلى إرسال هذا نموذج
You need to be in developer mode to edit a Standard Web Form,You need to be in developer mode to edit a Standard Web Form
You need to be in developer mode to edit this document,أنت يحتاج إلى يكون في مطور وضع إلى تعديل هذا مستند
You need to be logged in and have System Manager Role to be able to access backups.,You need to be logged in and have System Manager Role to be able to access backups.
You need to be logged in to access this page,You need to be logged in to access this page
You need to be logged in to access this {0}.,You need to be logged in to access this {0}.
You need to create these first:,أنت يحتاج إلى إنشاء هذه أول:
You need to enable JavaScript for your app to work.,You need to enable Java Script for your app to work.
"You need to have ""Share"" permission","أنت يحتاج إلى لديه ""مشاركة"" صلاحية"
You need to install pycups to use this feature!,You need to install pycups to use this feature!
You need write permission to rename,أنت يحتاج كتابة صلاحية إلى إعادة تسمية
You seem good to go!,You seem good to go!
You selected Draft or Cancelled documents,أنت محدد مسودة أو ملغى مستندات
You unfollowed this document,You unfollowed this document
"You're doing great, let's take you back to the onboarding page.","You're doing great, let's take you back to the onboarding page."
Your account has been locked and will resume after {0} seconds,Your account has been locked and will resume after {0} seconds
Your assignment on {0} {1} has been removed by {2},Your assignment on {0} {1} has been removed by {2}
Your connection request to Google Calendar was successfully accepted,Your connection request to Google Calendar was successfully accepted
Your Country,الخاص بك الدولة
Your Email Address,الخاص بك البريد الإلكتروني العنوان
Your email address,الخاص بك البريد الإلكتروني العنوان
Your information has been submitted,الخاص بك معلومات لديه كان مُرسل
Your Language,الخاص بك اللغة
Your login id is,الخاص بك تسجيل الدخول id هو
Your Name,اسم الخاص بك
Your organization name and address for the email footer.,Your organization name and address for the email footer.
Your payment has been successfully registered.,Your payment has been successfully registered.
Your payment has failed.,الخاص بك الدفع لديه فشل.
Your payment is cancelled.,الخاص بك الدفع هو أُلغي.
Your payment was successfully accepted,Your payment was successfully accepted
"Your query has been received. We will reply back shortly. If you have any additional information, please reply to this mail.","Your query has been received. We will reply back shortly. If you have any additional information, please reply to this mail."
"Your session has expired, please login again to continue.","الخاص بك جلسة لديه منتهي , يرجى تسجيل الدخول مجددًا إلى متابعة."
Your Shortcuts,الخاص بك اختصارات
Your system is being updated. Please refresh again after a few moments.,Your system is being updated. Please refresh again after a few moments.
Your Target,الخاص بك هدف
yyyy-mm-dd,yyyy-mm-dd
Zero,Zero
Zero means send records updated at anytime,Zero means send records updated at anytime
zoom-in,zoom-in
zoom-out,zoom-out
{0} ({1}) (1 row mandatory),{0} ({1}) (1 row mandatory)
{0} added,{0} أُضيف
{0} already exists. Select another name,{0} already exists. Select another name
{0} already unsubscribed,{0} already unsubscribed
{0} already unsubscribed for {1} {2},{0} already unsubscribed for {1} {2}
{0} and {1},{0} و {1}
{0} appreciated on {1},{0} appreciated on {1}
{0} appreciated your work on {1} with {2} point,{0} appreciated your work on {1} with {2} point
{0} appreciated your work on {1} with {2} points,{0} appreciated your work on {1} with {2} points
{0} appreciated {1},{0} appreciated {1}
{0} appreciation point for {1} {2},{0} appreciation point for {1} {2}
{0} appreciation points for {1} {2},{0} appreciation points for {1} {2}
{0} are currently {1},{0} are currently {1}
{0} are mandatory fields,{0} are mandatory fields
{0} are required,{0} مطلوبة
{0} assigned a new task {1} {2} to you,{0} مُسند a جديد مهمة {1} أنت إلى أنت
{0} assigned {1}: {2},{0} مُسند {1}: {2}
{0} Calendar,{0} التقويم
{0} cannot be set for Single types,{0} cannot be set for Single types
{0} Chart,{0} الملف الطبي
{0} comments,{0} تعليقات
{0} created successfully,{0} created successfully
{0} criticism point for {1} {2},{0} criticism point for {1} {2}
{0} criticism points for {1} {2},{0} criticism points for {1} {2}
{0} criticized on {1},{0} criticized on {1}
{0} criticized your work on {1} with {2} point,{0} criticized your work on {1} with {2} point
{0} criticized your work on {1} with {2} points,{0} criticized your work on {1} with {2} points
{0} criticized {1},{0} criticized {1}
{0} Dashboard,لوحة {0}
{0} days ago,{0} days ago
{0} does not exist in row {1},{0} غير موجود في صف {1}
"{0} field cannot be set as unique in {1}, as there are non-unique existing values","{0} field cannot be set as unique in {1}, as there are non-unique existing values"
{0} Fields,{0} حقول
{0} gained {1} point for {2} {3},{0} gained {1} point for {2} {3}
{0} gained {1} points for {2} {3},{0} gained {1} points for {2} {3}
{0} Google Calendar Events synced.,{0} Google Calendar Events synced.
{0} Google Contacts synced.,{0} Google Contacts synced.
{0} has already assigned default value for {1}.,{0} لديه بالفعل مُسند افتراضي القيمة لـ {1}.
{0} has been successfully added to the Email Group.,{0} has been successfully added to the Email Group.
{0} has left the conversation in {1} {2},{0} has left the conversation in {1} {2}
{0} has no versions tracked.,{0} has no versions tracked.
{0} hours ago,{0} hours ago
{0} in row {1} cannot have both URL and child items,{0} في صف {1} لا يمكن لديه كلاهما URL و فرعي أصناف
{0} is a mandatory field,{0} is a mandatory field
{0} is a mandatory field asdadsf,{0} is a mandatory field asdadsf
{0} is an invalid Data field.,{0} هو an غير صالح بيانات حقل.
{0} is an invalid email address in 'Recipients',{0} is an invalid email address in 'Recipients'
{0} is currently {1},{0} is currently {1}
{0} is mandatory,{0} is mandatory
{0} is not a raw printing format.,{0} is not a raw printing format.
{0} is not a valid DocType for Dynamic Link,{0} is not a valid Doc Type for Dynamic Link
{0} is not a valid Email Address,{0} هو لا a صالح البريد الإلكتروني العنوان
{0} is not a valid file url,{0} هو لا a صالح ملف رابط
{0} is not a valid Name,اسم {0} هو لا a صالح
{0} is not a valid Phone Number,{0} هو لا a صالح الهاتف الرقم
{0} is not a valid report format. Report format should one of the following {1},{0} is not a valid report format. Report format should one of the following {1}
{0} is not a valid Workflow State. Please update your Workflow and try again.,{0} هو لا a صالح سير عمل الحالة. يرجى تحديث الخاص بك سير عمل و حاول مجددًا.
{0} is now default print format for {1} doctype,{0} هو الآن افتراضي طباعة تنسيق لـ { 1 } نوع المستند
{0} is required,{0} مطلوب
{0} is saved,{0} هو حُفظ
{0} items selected,{0} أصناف محدد
{0} List,قائمة {0}
{0} logged in,{0} logged in
{0} logged out: {1},{0} logged out: {1}
{0} mentioned you in a comment in {1} {2},{0} mentioned you in a comment in {1} {2}
{0} minutes ago,{0} minutes ago
{0} Modules,{0} الوحدات
{0} months ago,{0} months ago
{0} must be after {1},{0} يجب يكون بعد {1}
{0} must be one of {1},{0} must be one of {1}
{0} must be set first,{0} يجب يكون تعيين أول
{0} must be unique,{0} must be unique
{0} Name,اسم {0}
{0} not a valid State,{0} لا a صالح الحالة
{0} not allowed to be renamed,{0} not allowed to be renamed
{0} not found,لم يُعثر على {0}
{0} of {1} ({2} rows with children),{0} من {1} (فرعيون) صفوف مع فرعيون)
{0} record deleted,{0} سجل حُذف
{0} records deleted,{0} سجلات حُذف
{0} records will be exported,{0} سجلات سوف يكون مُصدَّر
{0} Report,تقرير {0}
{0} Reports,{0} تقارير
{0} reverted your point on {1},{0} reverted your point on {1}
{0} reverted your points on {1},{0} reverted your points on {1}
{0} reverted {1},{0} reverted {1}
{0} room must have atmost one user.,{0} room must have atmost one user.
{0} rows for {1},{0} صفوف لـ {1}
{0} saved successfully,{0} saved successfully
{0} self assigned this task: {1},{ 0 } ذاتي مُسند هذا مهمة : { 1 }
{0} Settings,إعدادات {0}
{0} Settings not found,لم يُعثر على إعدادات {0}
{0} shared a document {1} {2} with you,{0} مشترك a مستند {1} أنت مع أنت
{0} shared this document with everyone,{0} shared this document with everyone
{0} shared this document with {1},{0} مشترك هذا مستند مع {1}
{0} should not be same as {1},{0} يجب لا يكون نفس كـ {1}
{0} subscribers added,{0} subscribers added
{0} to stop receiving emails of this type,{0} to stop receiving emails of this type
{0} translations pending,{0} translations pending
{0} Tree,{0} شجرة
{0} un-shared this document with {1},{0} un مشترك هذا مستند مع {1}
{0} updated,{0} حُدّث
{0} values selected,{ 0 } القيم محدد
{0} Web page views,{0} Web page views
{0} weeks ago,{0} weeks ago
{0} years ago,{0} years ago
{0} {1} added,{0} {1} أُضيف
{0} {1} added to Dashboard {2},{0} {1} أُضيف إلى لوحة المعلومات {2}
{0} {1} already exists,{0} {1} موجود بالفعل
"{0} {1} cannot be ""{2}"". It should be one of ""{3}""","{0} {1} cannot be ""{2}"". It should be one of ""{3}"""
{0} {1} cannot be a leaf node as it has children,{0} {1} لا يمكن يكون a ورقة عقدة كـ هو لديه فرعيون
"{0} {1} does not exist, select a new target to merge","{0} {1} does not exist, select a new target to merge"
{0} {1} is linked with the following submitted documents: {2},{0} {1} is linked with the following submitted documents: {2}
{0} {1} not found,لم يُعثر على {0} {1}
{0} {1}: Submitted Record cannot be deleted. You must {2} Cancel {3} it first.,يجب أن {0} {1}: مُرسل سجل لا يمكن يكون حُذف. أنت {2} إلغاء {3} هو أول.
"{0}, Row {1}","{0}, صف {1}"
"{0}: '{1}' ({3}) will get truncated, as max characters allowed is {2}","{0}: '{1}' ({3}) will get truncated, as max characters allowed is {2}"
{0}: Cannot set Amend without Cancel,{0}: Cannot set Amend without Cancel
{0}: Cannot set Assign Amend if not Submittable,{0}: Cannot set Assign Amend if not Submittable
{0}: Cannot set Assign Submit if not Submittable,{0}: Cannot set Assign Submit if not Submittable
{0}: Cannot set Cancel without Submit,{0}: لا يمكن تعيين إلغاء بدون إرسال
{0}: Cannot set import as {1} is not importable,{0}: Cannot set import as {1} is not importable
{0}: Cannot set Import without Create,{0}: لا يمكن تعيين استيراد بدون أنشئ
"{0}: Cannot set Submit, Cancel, Amend without Write","{0}: Cannot set Submit, Cancel, Amend without Write"
"{0}: Failed to attach new recurring document. To enable attaching document in the auto repeat notification email, enable {1} in Print Settings","{0}: Failed to attach new recurring document. To enable attaching document in the auto repeat notification email, enable {1} in Print Settings"
{0}: Field '{1}' cannot be set as Unique as it has non-unique values,{0}: Field '{1}' cannot be set as Unique as it has non-unique values
{0}: Field {1} in row {2} cannot be hidden and mandatory without default,{0}: Field {1} in row {2} cannot be hidden and mandatory without default
{0}: Field {1} of type {2} cannot be mandatory,{0}: Field {1} of type {2} cannot be mandatory
{0}: Fieldname cannot be one of {1},{0}: Fieldname cannot be one of {1}
{0}: Fieldname {1} appears multiple times in rows {2},{0}: Fieldname {1} appears multiple times in rows {2}
{0}: Fieldtype {1} for {2} cannot be unique,{0}: Fieldtype {1} for {2} cannot be unique
{0}: No basic permissions set,{0}: No basic permissions set
"{0}: Only one rule allowed with the same Role, Level and {1}","{0}: Only one rule allowed with the same Role, Level and {1}"
{0}: Options must be a valid DocType for field {1} in row {2},{0}: Options must be a valid Doc Type for field {1} in row {2}
{0}: Options required for Link or Table type field {1} in row {2},{0}: خيارات مطلوب لـ رابط أو جدول النوع حقل {1} في صف {2}
{0}: Options {1} must be the same as doctype name {2} for the field {3},{0}: Options {1} must be the same as doctype name {2} for the field {3}
{0}: Other permission rules may also apply,{0}: أخرى صلاحية قواعد قد أيضًا تطبيق
{0}: Permission at level 0 must be set before higher levels are set,{0}: Permission at level 0 must be set before higher levels are set
{0}: {1} is set to state {2},{0}: {1} هو تعيين إلى الحالة {2}
{0}:Fieldtype {1} for {2} cannot be indexed,{0}:Fieldtype {1} for {2} cannot be indexed
{app_title},{ تطبيق العنوان }
{function} of {fieldlabel},{function} of {fieldlabel}
{{{0}}} is not a valid fieldname pattern. It should be {{field_name}}.,{{{0}}} is not a valid fieldname pattern. It should be {{field_name}}.
{} Complete,{} مكتمل
{} Dashboard,لوحة {}
{} is not a valid date string.,{} is not a valid date string.
← Back to upload files,← رجوع إلى رفع ملفات
